ISO-10303-21;
HEADER;
FILE_DESCRIPTION (( 'STEP AP214' ),
    '1' );
FILE_NAME ('EtherWizMini_Backplate.STEP',
    '2026-09-09T11:15:12',
    ( '' ),
    ( '' ),
    'SwSTEP 2.0',
    'SolidWorks 2026',
    '' );
FILE_SCHEMA (( 'AUTOMOTIVE_DESIGN' ));
ENDSEC;

DATA;
#1 = ORIENTED_EDGE ( 'NONE', *, *, #1083, .F. ) ;
#2 = CARTESIAN_POINT ( 'NONE',  ( 86.00000000000000000, 4.000000000000019540, 0.000000000000000000 ) ) ;
#3 = ORIENTED_EDGE ( 'NONE', *, *, #1434, .T. ) ;
#4 = LINE ( 'NONE', #1141, #1118 ) ;
#5 = CARTESIAN_POINT ( 'NONE',  ( -52.90000000000001279, 4.000000000000019540, -2.100000000000000089 ) ) ;
#6 = CARTESIAN_POINT ( 'NONE',  ( 62.89999999999998437, 5.599999999999999645, -9.549795739751059033E-15 ) ) ;
#7 = VERTEX_POINT ( 'NONE', #1561 ) ;
#8 = ORIENTED_EDGE ( 'NONE', *, *, #712, .F. ) ;
#9 = CARTESIAN_POINT ( 'NONE',  ( 82.00000000000000000, 9.000000000000000000, -0.02499999999999724665 ) ) ;
#10 = FACE_OUTER_BOUND ( 'NONE', #772, .T. ) ;
#11 = AXIS2_PLACEMENT_3D ( 'NONE', #111, #1548, #1448 ) ;
#12 = DIRECTION ( 'NONE',  ( 0.000000000000000000, 1.000000000000000000, -0.000000000000000000 ) ) ;
#13 = VECTOR ( 'NONE', #1137, 1000.000000000000000 ) ;
#14 = EDGE_CURVE ( 'NONE', #50, #1000, #238, .T. ) ;
#15 = ORIENTED_EDGE ( 'NONE', *, *, #1218, .T. ) ;
#16 = DIRECTION ( 'NONE',  ( -0.000000000000000000, -0.000000000000000000, 1.000000000000000000 ) ) ;
#17 = VERTEX_POINT ( 'NONE', #824 ) ;
#18 = DIRECTION ( 'NONE',  ( 1.000000000000000000, 0.000000000000000000, 0.000000000000000000 ) ) ;
#19 = PLANE ( 'NONE',  #1430 ) ;
#20 = DIRECTION ( 'NONE',  ( 0.000000000000000000, -1.000000000000000000, 0.000000000000000000 ) ) ;
#21 = ADVANCED_FACE ( 'NONE', ( #1212 ), #1082, .F. ) ;
#22 = ORIENTED_EDGE ( 'NONE', *, *, #1084, .T. ) ;
#23 = DIRECTION ( 'NONE',  ( 0.000000000000000000, 0.000000000000000000, -1.000000000000000000 ) ) ;
#24 = ORIENTED_EDGE ( 'NONE', *, *, #324, .T. ) ;
#25 = CARTESIAN_POINT ( 'NONE',  ( -79.00000000000000000, 25.60000000000000497, 0.000000000000000000 ) ) ;
#26 = FACE_OUTER_BOUND ( 'NONE', #40, .T. ) ;
#27 = EDGE_CURVE ( 'NONE', #732, #783, #1180, .T. ) ;
#28 = CYLINDRICAL_SURFACE ( 'NONE', #1507, 1.024999999999984368 ) ;
#29 = ORIENTED_EDGE ( 'NONE', *, *, #1323, .T. ) ;
#30 = VERTEX_POINT ( 'NONE', #5 ) ;
#31 = DIRECTION ( 'NONE',  ( 1.000000000000000000, 0.000000000000000000, 0.000000000000000000 ) ) ;
#32 = EDGE_CURVE ( 'NONE', #73, #30, #726, .T. ) ;
#33 = EDGE_CURVE ( 'NONE', #317, #313, #1189, .T. ) ;
#34 = CARTESIAN_POINT ( 'NONE',  ( -82.00000000000000000, 9.000000000000000000, -0.02499999999999724665 ) ) ;
#35 = VECTOR ( 'NONE', #998, 1000.000000000000000 ) ;
#36 = EDGE_CURVE ( 'NONE', #313, #732, #956, .T. ) ;
#37 = FACE_OUTER_BOUND ( 'NONE', #1099, .T. ) ;
#38 = ORIENTED_EDGE ( 'NONE', *, *, #799, .T. ) ;
#39 = VECTOR ( 'NONE', #718, 1000.000000000000000 ) ;
#40 = EDGE_LOOP ( 'NONE', ( #993, #661, #1203, #369 ) ) ;
#41 = CARTESIAN_POINT ( 'NONE',  ( 62.39999999999998437, 4.000000000000019540, -2.100000000000000089 ) ) ;
#42 = DIRECTION ( 'NONE',  ( 1.000000000000000000, -2.195852501236464669E-17, 0.000000000000000000 ) ) ;
#43 = DIRECTION ( 'NONE',  ( -0.7071067811867193242, 8.659560562357036898E-17, 0.7071067811863758212 ) ) ;
#44 = EDGE_CURVE ( 'NONE', #509, #471, #98, .T. ) ;
#45 = ORIENTED_EDGE ( 'NONE', *, *, #405, .T. ) ;
#46 = CARTESIAN_POINT ( 'NONE',  ( -52.40000000000000568, 4.000000000000019540, -2.100000000000000089 ) ) ;
#47 = CARTESIAN_POINT ( 'NONE',  ( 86.00000000000000000, 23.00000000000002132, -1.600000000000000089 ) ) ;
#48 = CARTESIAN_POINT ( 'NONE',  ( 70.89999999999999147, 5.599999999999999645, -7.000000000000009770 ) ) ;
#49 = CARTESIAN_POINT ( 'NONE',  ( 0.000000000000000000, 1.600000000000000089, 0.000000000000000000 ) ) ;
#50 = VERTEX_POINT ( 'NONE', #351 ) ;
#51 = DIRECTION ( 'NONE',  ( 0.000000000000000000, -1.000000000000000000, 0.000000000000000000 ) ) ;
#52 = CARTESIAN_POINT ( 'NONE',  ( 79.00000000000000000, 25.60000000000000142, 0.000000000000000000 ) ) ;
#53 = CARTESIAN_POINT ( 'NONE',  ( 70.90000000000000568, 1.600000000000000089, 0.000000000000000000 ) ) ;
#54 = DIRECTION ( 'NONE',  ( 0.000000000000000000, 0.000000000000000000, 1.000000000000000000 ) ) ;
#55 = VECTOR ( 'NONE', #894, 1000.000000000000000 ) ;
#56 = AXIS2_PLACEMENT_3D ( 'NONE', #34, #1456, #373 ) ;
#57 = VECTOR ( 'NONE', #990, 1000.000000000000000 ) ;
#58 = VERTEX_POINT ( 'NONE', #1051 ) ;
#59 = CARTESIAN_POINT ( 'NONE',  ( -43.20000000000000284, 15.60000000000000142, -7.000000000000009770 ) ) ;
#60 = FACE_OUTER_BOUND ( 'NONE', #795, .T. ) ;
#61 = CARTESIAN_POINT ( 'NONE',  ( -79.00000000000000000, 25.60000000000000497, 1.600000000000000089 ) ) ;
#62 = EDGE_LOOP ( 'NONE', ( #24, #1564 ) ) ;
#63 = CARTESIAN_POINT ( 'NONE',  ( -80.97500000000002274, 9.000000000000000000, -0.02499999999999724665 ) ) ;
#64 = ORIENTED_EDGE ( 'NONE', *, *, #374, .F. ) ;
#65 = DIRECTION ( 'NONE',  ( 1.000000000000000000, -1.207718875680055475E-16, 0.000000000000000000 ) ) ;
#66 = AXIS2_PLACEMENT_3D ( 'NONE', #1003, #1309, #704 ) ;
#67 = DIRECTION ( 'NONE',  ( 0.000000000000000000, -1.000000000000000000, 0.000000000000000000 ) ) ;
#68 = DIRECTION ( 'NONE',  ( 1.000000000000000000, 0.000000000000000000, -0.000000000000000000 ) ) ;
#69 = ORIENTED_EDGE ( 'NONE', *, *, #919, .T. ) ;
#70 = DIRECTION ( 'NONE',  ( 0.000000000000000000, -1.000000000000000000, 0.000000000000000000 ) ) ;
#71 = ORIENTED_EDGE ( 'NONE', *, *, #1101, .T. ) ;
#72 = DIRECTION ( 'NONE',  ( 0.000000000000000000, 1.000000000000000000, 0.000000000000000000 ) ) ;
#73 = VERTEX_POINT ( 'NONE', #1439 ) ;
#74 = CARTESIAN_POINT ( 'NONE',  ( -43.20000000000000284, 1.600000000000000089, 1.600000000000000089 ) ) ;
#75 = EDGE_CURVE ( 'NONE', #163, #395, #646, .T. ) ;
#76 = EDGE_CURVE ( 'NONE', #856, #457, #940, .T. ) ;
#77 = ADVANCED_FACE ( 'NONE', ( #717 ), #1312, .F. ) ;
#78 = ORIENTED_EDGE ( 'NONE', *, *, #308, .F. ) ;
#79 = ADVANCED_FACE ( 'NONE', ( #475 ), #1197, .T. ) ;
#80 = PLANE ( 'NONE',  #769 ) ;
#81 = DIRECTION ( 'NONE',  ( 1.000000000000000000, 0.000000000000000000, -0.000000000000000000 ) ) ;
#82 = PRODUCT_DEFINITION ( 'UNKNOWN', '', #1148, #1068 ) ;
#83 = ORIENTED_EDGE ( 'NONE', *, *, #89, .T. ) ;
#84 = PLANE ( 'NONE',  #800 ) ;
#85 = VECTOR ( 'NONE', #637, 1000.000000000000000 ) ;
#86 = ORIENTED_EDGE ( 'NONE', *, *, #808, .F. ) ;
#87 = DIRECTION ( 'NONE',  ( -1.982541115402062546E-15, 0.000000000000000000, -1.000000000000000000 ) ) ;
#88 = VECTOR ( 'NONE', #1442, 1000.000000000000000 ) ;
#89 = EDGE_CURVE ( 'NONE', #1000, #839, #523, .T. ) ;
#90 = ORIENTED_EDGE ( 'NONE', *, *, #1150, .T. ) ;
#91 = AXIS2_PLACEMENT_3D ( 'NONE', #469, #1200, #124 ) ;
#92 = DIRECTION ( 'NONE',  ( 0.000000000000000000, 0.000000000000000000, -1.000000000000000000 ) ) ;
#93 = ORIENTED_EDGE ( 'NONE', *, *, #353, .T. ) ;
#94 = CYLINDRICAL_SURFACE ( 'NONE', #376, 1.024999999999984368 ) ;
#95 = EDGE_CURVE ( 'NONE', #58, #947, #506, .T. ) ;
#96 = ORIENTED_EDGE ( 'NONE', *, *, #872, .T. ) ;
#97 = CARTESIAN_POINT ( 'NONE',  ( 70.90000000000000568, 4.000000000000019540, 0.000000000000000000 ) ) ;
#98 = LINE ( 'NONE', #1297, #1043 ) ;
#99 = CARTESIAN_POINT ( 'NONE',  ( -83.02499999999999147, 9.000000000000000000, -0.02499999999999724665 ) ) ;
#100 = DIRECTION ( 'NONE',  ( 1.000000000000000000, 0.000000000000000000, 0.000000000000000000 ) ) ;
#101 = EDGE_LOOP ( 'NONE', ( #336, #1147, #880, #110 ) ) ;
#102 = LINE ( 'NONE', #1160, #829 ) ;
#103 = VERTEX_POINT ( 'NONE', #870 ) ;
#104 = CARTESIAN_POINT ( 'NONE',  ( -79.00000000000000000, 25.60000000000000497, 1.600000000000000089 ) ) ;
#105 = DIRECTION ( 'NONE',  ( 0.000000000000000000, 0.000000000000000000, -1.000000000000000000 ) ) ;
#106 = LINE ( 'NONE', #339, #392 ) ;
#107 = UNCERTAINTY_MEASURE_WITH_UNIT (LENGTH_MEASURE( 1.000000000000000082E-05 ), #1452, 'distance_accuracy_value', 'NONE');
#108 = VERTEX_POINT ( 'NONE', #494 ) ;
#109 = CARTESIAN_POINT ( 'NONE',  ( -1.546382070013611121E-15, 15.60000000000000497, -1.600000000000000089 ) ) ;
#110 = ORIENTED_EDGE ( 'NONE', *, *, #1494, .F. ) ;
#111 = CARTESIAN_POINT ( 'NONE',  ( -60.90000000000000568, 5.599999999999999645, 0.000000000000000000 ) ) ;
#112 = VECTOR ( 'NONE', #978, 1000.000000000000000 ) ;
#113 = VECTOR ( 'NONE', #1237, 1000.000000000000000 ) ;
#114 = CARTESIAN_POINT ( 'NONE',  ( -86.00000000000000000, 4.000000000000019540, -1.600000000000000089 ) ) ;
#115 = CIRCLE ( 'NONE', #997, 1.049999999999995381 ) ;
#116 = CARTESIAN_POINT ( 'NONE',  ( -56.90000000000000568, 5.599999999999999645, -3.209999999999998632 ) ) ;
#117 =( NAMED_UNIT ( * ) PLANE_ANGLE_UNIT ( ) SI_UNIT ( $, .RADIAN. ) );
#118 = ORIENTED_EDGE ( 'NONE', *, *, #862, .F. ) ;
#119 = CARTESIAN_POINT ( 'NONE',  ( 79.00000000000001421, 0.000000000000000000, 1.600000000000000089 ) ) ;
#120 = ORIENTED_EDGE ( 'NONE', *, *, #1029, .F. ) ;
#121 = CARTESIAN_POINT ( 'NONE',  ( -52.40000000000000568, 6.099999999999999645, -1.600000000000000089 ) ) ;
#122 = VERTEX_POINT ( 'NONE', #136 ) ;
#123 = CARTESIAN_POINT ( 'NONE',  ( -43.20000000000000284, 15.60000000000000142, -7.000000000000009770 ) ) ;
#124 = DIRECTION ( 'NONE',  ( 1.000000000000000000, 0.000000000000000000, 0.000000000000000000 ) ) ;
#125 = ORIENTED_EDGE ( 'NONE', *, *, #607, .T. ) ;
#126 = VERTEX_POINT ( 'NONE', #390 ) ;
#127 = LINE ( 'NONE', #745, #1354 ) ;
#128 = DIRECTION ( 'NONE',  ( -0.7071067811867193242, 8.659560562357036898E-17, 0.7071067811863758212 ) ) ;
#129 = ADVANCED_FACE ( 'NONE', ( #878 ), #19, .F. ) ;
#130 = LINE ( 'NONE', #728, #310 ) ;
#131 = EDGE_CURVE ( 'NONE', #1000, #1451, #746, .T. ) ;
#132 = ORIENTED_EDGE ( 'NONE', *, *, #308, .T. ) ;
#133 = LINE ( 'NONE', #842, #970 ) ;
#134 = ORIENTED_EDGE ( 'NONE', *, *, #1340, .F. ) ;
#135 = FACE_OUTER_BOUND ( 'NONE', #140, .T. ) ;
#136 = CARTESIAN_POINT ( 'NONE',  ( -25.69999999999999929, 1.600000000000000089, 1.600000000000000089 ) ) ;
#137 = ADVANCED_FACE ( 'NONE', ( #1125 ), #499, .F. ) ;
#138 = CARTESIAN_POINT ( 'NONE',  ( -52.40000000000000568, 5.599999999999999645, -1.600000000000000089 ) ) ;
#139 = VECTOR ( 'NONE', #43, 999.9999999999998863 ) ;
#140 = EDGE_LOOP ( 'NONE', ( #1295, #1483, #360, #90, #3, #349 ) ) ;
#141 = CARTESIAN_POINT ( 'NONE',  ( -60.90000000000000568, 4.000000000000019540, 0.000000000000000000 ) ) ;
#142 = ORIENTED_EDGE ( 'NONE', *, *, #1371, .F. ) ;
#143 = CARTESIAN_POINT ( 'NONE',  ( 62.89999999999998437, 5.599999999999999645, -9.549795739751059033E-15 ) ) ;
#144 = ADVANCED_FACE ( 'NONE', ( #619, #845, #152 ), #277, .F. ) ;
#145 = DIRECTION ( 'NONE',  ( 0.000000000000000000, 0.000000000000000000, 1.000000000000000000 ) ) ;
#146 = CARTESIAN_POINT ( 'NONE',  ( -25.69999999999999929, 15.60000000000000320, -7.000000000000009770 ) ) ;
#147 = EDGE_LOOP ( 'NONE', ( #177, #15, #216, #561, #724, #547, #190, #569, #698, #1500, #822, #442, #168, #1112, #804, #595 ) ) ;
#148 = EDGE_CURVE ( 'NONE', #192, #50, #1401, .T. ) ;
#149 = ADVANCED_FACE ( 'NONE', ( #26 ), #593, .F. ) ;
#150 = ORIENTED_EDGE ( 'NONE', *, *, #1257, .T. ) ;
#151 = PLANE ( 'NONE',  #1558 ) ;
#152 = FACE_BOUND ( 'NONE', #444, .T. ) ;
#153 = LINE ( 'NONE', #1085, #1145 ) ;
#154 = ORIENTED_EDGE ( 'NONE', *, *, #872, .F. ) ;
#155 = ORIENTED_EDGE ( 'NONE', *, *, #1024, .F. ) ;
#156 = CARTESIAN_POINT ( 'NONE',  ( 62.89999999999998437, 5.599999999999999645, -9.549795739751059033E-15 ) ) ;
#157 = DIRECTION ( 'NONE',  ( -0.000000000000000000, -1.000000000000000000, -0.000000000000000000 ) ) ;
#158 = LINE ( 'NONE', #1126, #139 ) ;
#159 = VECTOR ( 'NONE', #174, 1000.000000000000000 ) ;
#160 = EDGE_CURVE ( 'NONE', #275, #986, #762, .T. ) ;
#161 = VECTOR ( 'NONE', #495, 999.9999999999998863 ) ;
#162 = VECTOR ( 'NONE', #815, 1000.000000000000000 ) ;
#163 = VERTEX_POINT ( 'NONE', #612 ) ;
#164 = LINE ( 'NONE', #531, #767 ) ;
#165 = CARTESIAN_POINT ( 'NONE',  ( -25.69999999999999929, 4.000000000000019540, 0.000000000000000000 ) ) ;
#166 = DIRECTION ( 'NONE',  ( 0.000000000000000000, 1.000000000000000000, 0.000000000000000000 ) ) ;
#167 = DIRECTION ( 'NONE',  ( -0.000000000000000000, -1.000000000000000000, -0.000000000000000000 ) ) ;
#168 = ORIENTED_EDGE ( 'NONE', *, *, #1153, .F. ) ;
#169 = CARTESIAN_POINT ( 'NONE',  ( -86.00000000000000000, 4.000000000000019540, 0.000000000000000000 ) ) ;
#170 = FACE_OUTER_BOUND ( 'NONE', #222, .T. ) ;
#171 = DIRECTION ( 'NONE',  ( 0.000000000000000000, -1.000000000000000000, 0.000000000000000000 ) ) ;
#172 = CARTESIAN_POINT ( 'NONE',  ( -86.00000000000000000, 4.000000000000019540, 0.000000000000000000 ) ) ;
#173 = ORIENTED_EDGE ( 'NONE', *, *, #635, .F. ) ;
#174 = DIRECTION ( 'NONE',  ( -1.000000000000000000, -9.912705577010325549E-17, -0.000000000000000000 ) ) ;
#175 = DIRECTION ( 'NONE',  ( -0.000000000000000000, -0.000000000000000000, 1.000000000000000000 ) ) ;
#176 = CARTESIAN_POINT ( 'NONE',  ( 62.39999999999998437, 4.000000000000019540, -1.600000000000000089 ) ) ;
#177 = ORIENTED_EDGE ( 'NONE', *, *, #799, .F. ) ;
#178 = VECTOR ( 'NONE', #909, 1000.000000000000000 ) ;
#179 = CARTESIAN_POINT ( 'NONE',  ( 86.00000000000000000, 23.00000000000002132, 0.000000000000000000 ) ) ;
#180 = CIRCLE ( 'NONE', #461, 1.024999999999984368 ) ;
#181 = VECTOR ( 'NONE', #428, 1000.000000000000000 ) ;
#182 = CIRCLE ( 'NONE', #1069, 1.300000000000001599 ) ;
#183 = VERTEX_POINT ( 'NONE', #989 ) ;
#184 = AXIS2_PLACEMENT_3D ( 'NONE', #1270, #658, #1375 ) ;
#185 = CARTESIAN_POINT ( 'NONE',  ( -60.90000000000000568, 1.600000000000000089, -7.000000000000000000 ) ) ;
#186 = ORIENTED_EDGE ( 'NONE', *, *, #354, .F. ) ;
#187 = CARTESIAN_POINT ( 'NONE',  ( -79.00000000000000000, 25.60000000000000497, 0.000000000000000000 ) ) ;
#188 = EDGE_CURVE ( 'NONE', #1470, #431, #270, .T. ) ;
#189 = CARTESIAN_POINT ( 'NONE',  ( 66.90000000000000568, 5.599999999999999645, -4.509999999999999787 ) ) ;
#190 = ORIENTED_EDGE ( 'NONE', *, *, #644, .T. ) ;
#191 = DIRECTION ( 'NONE',  ( -0.000000000000000000, -0.000000000000000000, 1.000000000000000000 ) ) ;
#192 = VERTEX_POINT ( 'NONE', #248 ) ;
#193 = CARTESIAN_POINT ( 'NONE',  ( -86.00000000000000000, 4.000000000000019540, -1.600000000000000089 ) ) ;
#194 = EDGE_CURVE ( 'NONE', #489, #839, #115, .T. ) ;
#195 = ORIENTED_EDGE ( 'NONE', *, *, #314, .T. ) ;
#196 = AXIS2_PLACEMENT_3D ( 'NONE', #1193, #1546, #568 ) ;
#197 = CARTESIAN_POINT ( 'NONE',  ( 66.90000000000000568, 5.599999999999999645, -4.509999999999999787 ) ) ;
#198 = EDGE_LOOP ( 'NONE', ( #628, #1343, #720, #656 ) ) ;
#199 = ADVANCED_FACE ( 'NONE', ( #10 ), #973, .T. ) ;
#200 = FACE_BOUND ( 'NONE', #406, .T. ) ;
#201 = CARTESIAN_POINT ( 'NONE',  ( 62.39999999999998437, 0.000000000000000000, -2.100000000000000089 ) ) ;
#202 = VERTEX_POINT ( 'NONE', #858 ) ;
#203 = CARTESIAN_POINT ( 'NONE',  ( 70.89999999999999147, 5.599999999999999645, -7.000000000000009770 ) ) ;
#204 = ORIENTED_EDGE ( 'NONE', *, *, #408, .T. ) ;
#205 = CARTESIAN_POINT ( 'NONE',  ( 0.000000000000000000, 5.599999999999999645, 0.000000000000000000 ) ) ;
#206 = ORIENTED_EDGE ( 'NONE', *, *, #160, .F. ) ;
#207 = DIRECTION ( 'NONE',  ( -0.000000000000000000, 0.000000000000000000, 1.000000000000000000 ) ) ;
#208 = EDGE_CURVE ( 'NONE', #588, #163, #1351, .T. ) ;
#209 = EDGE_LOOP ( 'NONE', ( #427, #229, #1252, #623 ) ) ;
#210 = CARTESIAN_POINT ( 'NONE',  ( -52.90000000000001279, 5.599999999999999645, -7.000000000000000000 ) ) ;
#211 = AXIS2_PLACEMENT_3D ( 'NONE', #484, #867, #630 ) ;
#212 = ORIENTED_EDGE ( 'NONE', *, *, #33, .F. ) ;
#213 = CYLINDRICAL_SURFACE ( 'NONE', #1124, 0.5000000000000000000 ) ;
#214 = DIRECTION ( 'NONE',  ( -0.000000000000000000, -1.000000000000000000, -0.000000000000000000 ) ) ;
#215 = DIRECTION ( 'NONE',  ( -1.000000000000000000, 0.000000000000000000, -0.000000000000000000 ) ) ;
#216 = ORIENTED_EDGE ( 'NONE', *, *, #1029, .T. ) ;
#217 = DIRECTION ( 'NONE',  ( 1.000000000000000000, 0.000000000000000000, 0.000000000000000000 ) ) ;
#218 = ORIENTED_EDGE ( 'NONE', *, *, #1030, .F. ) ;
#219 = CARTESIAN_POINT ( 'NONE',  ( 0.000000000000000000, 1.600000000000000089, 0.000000000000000000 ) ) ;
#220 = CARTESIAN_POINT ( 'NONE',  ( 66.90000000000000568, 5.599999999999999645, -3.210000000000005294 ) ) ;
#221 = DIRECTION ( 'NONE',  ( -0.000000000000000000, 0.000000000000000000, 1.000000000000000000 ) ) ;
#222 = EDGE_LOOP ( 'NONE', ( #1356, #1428, #1036, #38, #331, #1547 ) ) ;
#223 = CARTESIAN_POINT ( 'NONE',  ( -86.00000000000000000, 23.00000000000002842, -1.600000000000000089 ) ) ;
#224 = ORIENTED_EDGE ( 'NONE', *, *, #356, .T. ) ;
#225 = DIRECTION ( 'NONE',  ( -0.000000000000000000, -0.000000000000000000, 1.000000000000000000 ) ) ;
#226 = EDGE_CURVE ( 'NONE', #856, #687, #1479, .T. ) ;
#227 = CARTESIAN_POINT ( 'NONE',  ( -61.40000000000000568, 4.000000000000019540, -1.600000000000000089 ) ) ;
#228 = CARTESIAN_POINT ( 'NONE',  ( 70.90000000000000568, 1.600000000000000089, 0.000000000000000000 ) ) ;
#229 = ORIENTED_EDGE ( 'NONE', *, *, #759, .T. ) ;
#230 = CARTESIAN_POINT ( 'NONE',  ( -60.90000000000000568, 5.599999999999999645, -2.100000000000000089 ) ) ;
#231 = AXIS2_PLACEMENT_3D ( 'NONE', #256, #1236, #145 ) ;
#232 = ORIENTED_EDGE ( 'NONE', *, *, #194, .T. ) ;
#233 = LINE ( 'NONE', #330, #787 ) ;
#234 = VECTOR ( 'NONE', #739, 1000.000000000000000 ) ;
#235 = AXIS2_PLACEMENT_3D ( 'NONE', #771, #167, #892 ) ;
#236 = VECTOR ( 'NONE', #325, 1000.000000000000000 ) ;
#237 = AXIS2_PLACEMENT_3D ( 'NONE', #834, #16, #1336 ) ;
#238 = LINE ( 'NONE', #701, #236 ) ;
#239 = AXIS2_PLACEMENT_3D ( 'NONE', #1289, #1143, #297 ) ;
#240 = LINE ( 'NONE', #749, #967 ) ;
#241 = ORIENTED_EDGE ( 'NONE', *, *, #1089, .F. ) ;
#242 = ADVANCED_FACE ( 'NONE', ( #1110, #1243 ), #766, .T. ) ;
#243 = CARTESIAN_POINT ( 'NONE',  ( 79.00000000000000000, 25.60000000000000142, 1.600000000000000089 ) ) ;
#244 = ORIENTED_EDGE ( 'NONE', *, *, #374, .T. ) ;
#245 = EDGE_CURVE ( 'NONE', #789, #202, #837, .T. ) ;
#246 = DIRECTION ( 'NONE',  ( -0.000000000000000000, -1.000000000000000000, -0.000000000000000000 ) ) ;
#247 = EDGE_CURVE ( 'NONE', #606, #1286, #1397, .T. ) ;
#248 = CARTESIAN_POINT ( 'NONE',  ( -80.97500000000002274, 9.000000000000000000, -1.600000000000004086 ) ) ;
#249 = DIRECTION ( 'NONE',  ( 0.000000000000000000, -0.000000000000000000, -1.000000000000000000 ) ) ;
#250 = EDGE_CURVE ( 'NONE', #687, #856, #869, .T. ) ;
#251 = ORIENTED_EDGE ( 'NONE', *, *, #875, .T. ) ;
#252 = CARTESIAN_POINT ( 'NONE',  ( -86.00000000000000000, 4.000000000000019540, -1.600000000000000089 ) ) ;
#253 = ADVANCED_FACE ( 'NONE', ( #60 ), #1136, .F. ) ;
#254 = EDGE_LOOP ( 'NONE', ( #1493, #1215, #78, #930, #1437, #713, #876, #449, #1079, #1496, #86, #874, #1524, #696, #1349, #340 ) ) ;
#255 = DIRECTION ( 'NONE',  ( -0.000000000000000000, -0.000000000000000000, 1.000000000000000000 ) ) ;
#256 = CARTESIAN_POINT ( 'NONE',  ( 66.90000000000000568, 5.599999999999999645, -4.509999999999999787 ) ) ;
#257 = DIRECTION ( 'NONE',  ( -0.000000000000000000, -0.000000000000000000, 1.000000000000000000 ) ) ;
#258 = VERTEX_POINT ( 'NONE', #888 ) ;
#259 = ADVANCED_FACE ( 'NONE', ( #1385 ), #1162, .T. ) ;
#260 = EDGE_LOOP ( 'NONE', ( #288, #155, #819, #557 ) ) ;
#261 = PLANE ( 'NONE',  #1481 ) ;
#262 = CARTESIAN_POINT ( 'NONE',  ( -60.90000000000000568, 5.599999999999999645, -7.000000000000000000 ) ) ;
#263 = AXIS2_PLACEMENT_3D ( 'NONE', #205, #1179, #343 ) ;
#264 = DIRECTION ( 'NONE',  ( -0.000000000000000000, -0.000000000000000000, 1.000000000000000000 ) ) ;
#265 = VECTOR ( 'NONE', #1386, 1000.000000000000000 ) ;
#266 = AXIS2_PLACEMENT_3D ( 'NONE', #1510, #1004, #1129 ) ;
#267 = ORIENTED_EDGE ( 'NONE', *, *, #290, .T. ) ;
#268 = ORIENTED_EDGE ( 'NONE', *, *, #208, .T. ) ;
#269 = PLANE ( 'NONE',  #642 ) ;
#270 = LINE ( 'NONE', #981, #1274 ) ;
#271 = CARTESIAN_POINT ( 'NONE',  ( -43.20000000000000284, 1.600000000000000089, -7.000000000000009770 ) ) ;
#272 = CONICAL_SURFACE ( 'NONE', #1157, 1.049999999999995381, 0.7853981633976910848 ) ;
#273 = DIRECTION ( 'NONE',  ( 0.000000000000000000, -1.000000000000000000, 0.000000000000000000 ) ) ;
#274 = ORIENTED_EDGE ( 'NONE', *, *, #36, .F. ) ;
#275 = VERTEX_POINT ( 'NONE', #403 ) ;
#276 = FACE_OUTER_BOUND ( 'NONE', #672, .T. ) ;
#277 = PLANE ( 'NONE',  #511 ) ;
#278 = CARTESIAN_POINT ( 'NONE',  ( 83.02499999999999147, 9.000000000000000000, 0.000000000000000000 ) ) ;
#279 = CARTESIAN_POINT ( 'NONE',  ( -61.40000000000000568, 4.000000000000019540, -1.600000000000000089 ) ) ;
#280 = VERTEX_POINT ( 'NONE', #74 ) ;
#281 = CARTESIAN_POINT ( 'NONE',  ( 66.90000000000000568, 1.600000000000000089, -4.509999999999999787 ) ) ;
#282 = LINE ( 'NONE', #47, #1202 ) ;
#283 = PLANE ( 'NONE',  #618 ) ;
#284 = CIRCLE ( 'NONE', #1108, 0.5000000000000000000 ) ;
#285 = AXIS2_PLACEMENT_3D ( 'NONE', #1130, #1504, #675 ) ;
#286 = CYLINDRICAL_SURFACE ( 'NONE', #235, 1.300000000000001599 ) ;
#287 = VECTOR ( 'NONE', #1313, 1000.000000000000000 ) ;
#288 = ORIENTED_EDGE ( 'NONE', *, *, #1089, .T. ) ;
#289 = DIRECTION ( 'NONE',  ( -0.000000000000000000, 1.000000000000000000, -0.000000000000000000 ) ) ;
#290 = EDGE_CURVE ( 'NONE', #108, #317, #1406, .T. ) ;
#291 = CARTESIAN_POINT ( 'NONE',  ( -86.00000000000000000, 4.000000000000019540, -1.600000000000000089 ) ) ;
#292 = CARTESIAN_POINT ( 'NONE',  ( -56.90000000000000568, 1.600000000000000089, -3.209999999999998632 ) ) ;
#293 = LINE ( 'NONE', #1266, #436 ) ;
#294 = ORIENTED_EDGE ( 'NONE', *, *, #1086, .F. ) ;
#295 = DIRECTION ( 'NONE',  ( -1.000000000000000000, -0.000000000000000000, -0.000000000000000000 ) ) ;
#296 = EDGE_CURVE ( 'NONE', #1240, #1417, #1391, .T. ) ;
#297 = DIRECTION ( 'NONE',  ( 1.000000000000000000, 0.000000000000000000, 0.000000000000000000 ) ) ;
#298 = CARTESIAN_POINT ( 'NONE',  ( -60.90000000000000568, 1.600000000000000089, 0.000000000000000000 ) ) ;
#299 = VERTEX_POINT ( 'NONE', #1522 ) ;
#300 = FACE_OUTER_BOUND ( 'NONE', #1226, .T. ) ;
#301 = EDGE_CURVE ( 'NONE', #906, #7, #304, .T. ) ;
#302 = ORIENTED_EDGE ( 'NONE', *, *, #1209, .T. ) ;
#303 = DIRECTION ( 'NONE',  ( 0.000000000000000000, 0.000000000000000000, -1.000000000000000000 ) ) ;
#304 = LINE ( 'NONE', #882, #908 ) ;
#305 = DIRECTION ( 'NONE',  ( -0.000000000000000000, 0.000000000000000000, -1.000000000000000000 ) ) ;
#306 = ORIENTED_EDGE ( 'NONE', *, *, #1379, .F. ) ;
#307 = ADVANCED_FACE ( 'NONE', ( #170 ), #432, .F. ) ;
#308 = EDGE_CURVE ( 'NONE', #108, #1290, #785, .T. ) ;
#309 = CARTESIAN_POINT ( 'NONE',  ( -79.00000000000000000, 4.000000000000019540, 0.000000000000000000 ) ) ;
#310 = VECTOR ( 'NONE', #500, 1000.000000000000000 ) ;
#311 = VECTOR ( 'NONE', #1550, 1000.000000000000000 ) ;
#312 = CIRCLE ( 'NONE', #1044, 0.5000000000000000000 ) ;
#313 = VERTEX_POINT ( 'NONE', #901 ) ;
#314 = EDGE_CURVE ( 'NONE', #1284, #122, #423, .T. ) ;
#315 = EDGE_LOOP ( 'NONE', ( #415, #1057, #833, #801, #508, #1453 ) ) ;
#316 = CARTESIAN_POINT ( 'NONE',  ( -25.69999999999999929, 1.600000000000000089, -7.000000000000009770 ) ) ;
#317 = VERTEX_POINT ( 'NONE', #165 ) ;
#318 = DIRECTION ( 'NONE',  ( -0.000000000000000000, -1.000000000000000000, -0.000000000000000000 ) ) ;
#319 = ORIENTED_EDGE ( 'NONE', *, *, #1262, .T. ) ;
#320 = LINE ( 'NONE', #210, #1444 ) ;
#321 = ORIENTED_EDGE ( 'NONE', *, *, #753, .F. ) ;
#322 = VECTOR ( 'NONE', #714, 1000.000000000000000 ) ;
#323 = FACE_OUTER_BOUND ( 'NONE', #991, .T. ) ;
#324 = EDGE_CURVE ( 'NONE', #576, #457, #1486, .T. ) ;
#325 = DIRECTION ( 'NONE',  ( -0.000000000000000000, -0.000000000000000000, 1.000000000000000000 ) ) ;
#326 = DIRECTION ( 'NONE',  ( -0.000000000000000000, 1.000000000000000000, -0.000000000000000000 ) ) ;
#327 = ORIENTED_EDGE ( 'NONE', *, *, #226, .F. ) ;
#328 = LINE ( 'NONE', #929, #552 ) ;
#329 = ORIENTED_EDGE ( 'NONE', *, *, #1267, .F. ) ;
#330 = CARTESIAN_POINT ( 'NONE',  ( 79.00000000000000000, 25.60000000000000142, 1.600000000000000089 ) ) ;
#331 = ORIENTED_EDGE ( 'NONE', *, *, #1537, .T. ) ;
#332 = DIRECTION ( 'NONE',  ( 0.000000000000000000, 1.000000000000000000, 0.000000000000000000 ) ) ;
#333 = EDGE_LOOP ( 'NONE', ( #685, #268, #953, #1208 ) ) ;
#334 = DIRECTION ( 'NONE',  ( -0.000000000000000000, -0.000000000000000000, 1.000000000000000000 ) ) ;
#335 = AXIS2_PLACEMENT_3D ( 'NONE', #201, #898, #54 ) ;
#336 = ORIENTED_EDGE ( 'NONE', *, *, #812, .T. ) ;
#337 = CARTESIAN_POINT ( 'NONE',  ( 62.39999999999998437, 6.099999999999999645, -1.600000000000000089 ) ) ;
#338 = DIRECTION ( 'NONE',  ( -0.000000000000000000, 1.000000000000000000, -0.000000000000000000 ) ) ;
#339 = CARTESIAN_POINT ( 'NONE',  ( 0.000000000000000000, 5.599999999999999645, -2.100000000000000089 ) ) ;
#340 = ORIENTED_EDGE ( 'NONE', *, *, #975, .T. ) ;
#341 = DIRECTION ( 'NONE',  ( 1.000000000000000000, 0.000000000000000000, 0.000000000000000000 ) ) ;
#342 = ORIENTED_EDGE ( 'NONE', *, *, #918, .F. ) ;
#343 = DIRECTION ( 'NONE',  ( 0.000000000000000000, -0.000000000000000000, -1.000000000000000000 ) ) ;
#344 = VECTOR ( 'NONE', #51, 1000.000000000000000 ) ;
#345 = ORIENTED_EDGE ( 'NONE', *, *, #916, .T. ) ;
#346 = LINE ( 'NONE', #825, #1174 ) ;
#347 = ORIENTED_EDGE ( 'NONE', *, *, #1549, .T. ) ;
#348 = SURFACE_STYLE_USAGE ( .BOTH. , #743 ) ;
#349 = ORIENTED_EDGE ( 'NONE', *, *, #644, .F. ) ;
#350 = PLANE ( 'NONE',  #1352 ) ;
#351 = CARTESIAN_POINT ( 'NONE',  ( -83.02499999999999147, 9.000000000000000000, -1.600000000000004086 ) ) ;
#352 = DIRECTION ( 'NONE',  ( -0.000000000000000000, -1.000000000000000000, -0.000000000000000000 ) ) ;
#353 = EDGE_CURVE ( 'NONE', #299, #606, #282, .T. ) ;
#354 = EDGE_CURVE ( 'NONE', #122, #1293, #1008, .T. ) ;
#355 = EDGE_CURVE ( 'NONE', #126, #1286, #1264, .T. ) ;
#356 = EDGE_CURVE ( 'NONE', #810, #715, #1020, .T. ) ;
#357 = ORIENTED_EDGE ( 'NONE', *, *, #131, .T. ) ;
#358 = DIRECTION ( 'NONE',  ( -1.000000000000000000, 4.034240641806528514E-17, -0.000000000000000000 ) ) ;
#359 = EDGE_CURVE ( 'NONE', #959, #183, #1154, .T. ) ;
#360 = ORIENTED_EDGE ( 'NONE', *, *, #1209, .F. ) ;
#361 = CARTESIAN_POINT ( 'NONE',  ( -52.90000000000001990, 5.599999999999999645, -1.807106781186547551 ) ) ;
#362 = CIRCLE ( 'NONE', #1250, 1.299999999999994715 ) ;
#363 = AXIS2_PLACEMENT_3D ( 'NONE', #61, #68, #305 ) ;
#364 = AXIS2_PLACEMENT_3D ( 'NONE', #578, #225, #1065 ) ;
#365 = VECTOR ( 'NONE', #92, 1000.000000000000000 ) ;
#366 = DIRECTION ( 'NONE',  ( 0.000000000000000000, 0.000000000000000000, 1.000000000000000000 ) ) ;
#367 = FACE_OUTER_BOUND ( 'NONE', #781, .T. ) ;
#368 = ADVANCED_FACE ( 'NONE', ( #560 ), #213, .F. ) ;
#369 = ORIENTED_EDGE ( 'NONE', *, *, #607, .F. ) ;
#370 = PLANE ( 'NONE',  #1254 ) ;
#371 = ORIENTED_EDGE ( 'NONE', *, *, #926, .F. ) ;
#372 = CARTESIAN_POINT ( 'NONE',  ( -52.40000000000000568, 6.099999999999999645, -1.600000000000000089 ) ) ;
#373 = DIRECTION ( 'NONE',  ( 1.000000000000000000, 0.000000000000000000, 0.000000000000000000 ) ) ;
#374 = EDGE_CURVE ( 'NONE', #1568, #258, #923, .T. ) ;
#375 = DIRECTION ( 'NONE',  ( -1.000000000000000000, 2.195852501236464669E-17, -0.000000000000000000 ) ) ;
#376 = AXIS2_PLACEMENT_3D ( 'NONE', #1061, #794, #1294 ) ;
#377 = ADVANCED_FACE ( 'NONE', ( #323 ), #663, .F. ) ;
#378 = ORIENTED_EDGE ( 'NONE', *, *, #1033, .T. ) ;
#379 = SURFACE_STYLE_FILL_AREA ( #731 ) ;
#380 = ORIENTED_EDGE ( 'NONE', *, *, #919, .F. ) ;
#381 = CARTESIAN_POINT ( 'NONE',  ( 79.00000000000000000, 25.60000000000000142, 1.600000000000000089 ) ) ;
#382 = DIRECTION ( 'NONE',  ( -0.000000000000000000, -0.000000000000000000, 1.000000000000000000 ) ) ;
#383 = CARTESIAN_POINT ( 'NONE',  ( -60.90000000000000568, 5.599999999999999645, 0.000000000000000000 ) ) ;
#384 = FACE_OUTER_BOUND ( 'NONE', #610, .T. ) ;
#385 = ORIENTED_EDGE ( 'NONE', *, *, #89, .F. ) ;
#386 = DIRECTION ( 'NONE',  ( 0.000000000000000000, -0.000000000000000000, -1.000000000000000000 ) ) ;
#387 = ORIENTED_EDGE ( 'NONE', *, *, #753, .T. ) ;
#388 = DIRECTION ( 'NONE',  ( 0.000000000000000000, 0.000000000000000000, 1.000000000000000000 ) ) ;
#389 = VECTOR ( 'NONE', #652, 1000.000000000000000 ) ;
#390 = CARTESIAN_POINT ( 'NONE',  ( 79.00000000000001421, 4.000000000000019540, 0.000000000000000000 ) ) ;
#391 = LINE ( 'NONE', #1331, #517 ) ;
#392 = VECTOR ( 'NONE', #1320, 1000.000000000000000 ) ;
#393 = VECTOR ( 'NONE', #409, 1000.000000000000000 ) ;
#394 = ORIENTED_EDGE ( 'NONE', *, *, #1370, .T. ) ;
#395 = VERTEX_POINT ( 'NONE', #1328 ) ;
#396 = ADVANCED_FACE ( 'NONE', ( #583, #1429 ), #350, .F. ) ;
#397 = DIRECTION ( 'NONE',  ( 1.000000000000000000, 0.000000000000000000, 0.000000000000000000 ) ) ;
#398 = DIRECTION ( 'NONE',  ( 0.000000000000000000, 0.000000000000000000, 1.000000000000000000 ) ) ;
#399 = VECTOR ( 'NONE', #827, 1000.000000000000000 ) ;
#400 = VERTEX_POINT ( 'NONE', #570 ) ;
#401 = ORIENTED_EDGE ( 'NONE', *, *, #1166, .F. ) ;
#402 = CARTESIAN_POINT ( 'NONE',  ( 71.40000000000000568, 6.099999999999999645, -1.600000000000000089 ) ) ;
#403 = CARTESIAN_POINT ( 'NONE',  ( -56.90000000000000568, 5.599999999999999645, -5.810000000000001386 ) ) ;
#404 = DIRECTION ( 'NONE',  ( 0.000000000000000000, 0.000000000000000000, 1.000000000000000000 ) ) ;
#405 = EDGE_CURVE ( 'NONE', #103, #736, #1050, .T. ) ;
#406 = EDGE_LOOP ( 'NONE', ( #945, #342 ) ) ;
#407 = CARTESIAN_POINT ( 'NONE',  ( -60.90000000000000568, 5.599999999999999645, -7.000000000000000000 ) ) ;
#408 = EDGE_CURVE ( 'NONE', #810, #789, #1557, .T. ) ;
#409 = DIRECTION ( 'NONE',  ( 0.000000000000000000, 0.000000000000000000, 1.000000000000000000 ) ) ;
#410 = FACE_OUTER_BOUND ( 'NONE', #828, .T. ) ;
#411 = VECTOR ( 'NONE', #214, 1000.000000000000000 ) ;
#412 = AXIS2_PLACEMENT_3D ( 'NONE', #964, #1466, #398 ) ;
#413 = DIRECTION ( 'NONE',  ( 0.000000000000000000, 0.000000000000000000, -1.000000000000000000 ) ) ;
#414 = EDGE_CURVE ( 'NONE', #959, #826, #830, .T. ) ;
#415 = ORIENTED_EDGE ( 'NONE', *, *, #916, .F. ) ;
#416 = DIRECTION ( 'NONE',  ( -0.000000000000000000, -1.000000000000000000, -0.000000000000000000 ) ) ;
#417 = CARTESIAN_POINT ( 'NONE',  ( 71.40000000000000568, 0.000000000000000000, -2.100000000000000089 ) ) ;
#418 = CARTESIAN_POINT ( 'NONE',  ( 82.00000000000000000, 9.000000000000000000, 0.000000000000000000 ) ) ;
#419 = EDGE_CURVE ( 'NONE', #439, #813, #1414, .T. ) ;
#420 = DIRECTION ( 'NONE',  ( -1.000000000000000000, 0.000000000000000000, 0.000000000000000000 ) ) ;
#421 = ORIENTED_EDGE ( 'NONE', *, *, #1495, .T. ) ;
#422 = DIRECTION ( 'NONE',  ( 0.000000000000000000, 0.000000000000000000, 1.000000000000000000 ) ) ;
#423 = LINE ( 'NONE', #316, #1070 ) ;
#424 = EDGE_CURVE ( 'NONE', #1053, #783, #512, .T. ) ;
#425 = EDGE_CURVE ( 'NONE', #108, #1107, #577, .T. ) ;
#426 = DIRECTION ( 'NONE',  ( 1.000000000000000000, 0.000000000000000000, 0.000000000000000000 ) ) ;
#427 = ORIENTED_EDGE ( 'NONE', *, *, #482, .F. ) ;
#428 = DIRECTION ( 'NONE',  ( -0.000000000000000000, 1.000000000000000000, -0.000000000000000000 ) ) ;
#429 = ORIENTED_EDGE ( 'NONE', *, *, #982, .T. ) ;
#430 = CYLINDRICAL_SURFACE ( 'NONE', #1171, 1.024999999999984368 ) ;
#431 = VERTEX_POINT ( 'NONE', #716 ) ;
#432 = PLANE ( 'NONE',  #184 ) ;
#433 = ORIENTED_EDGE ( 'NONE', *, *, #1427, .T. ) ;
#434 = DIRECTION ( 'NONE',  ( 0.000000000000000000, 0.000000000000000000, 1.000000000000000000 ) ) ;
#435 = AXIS2_PLACEMENT_3D ( 'NONE', #46, #1396, #1390 ) ;
#436 = VECTOR ( 'NONE', #1512, 1000.000000000000000 ) ;
#437 = VECTOR ( 'NONE', #338, 1000.000000000000000 ) ;
#438 = AXIS2_PLACEMENT_3D ( 'NONE', #598, #215, #207 ) ;
#439 = VERTEX_POINT ( 'NONE', #931 ) ;
#440 = DIRECTION ( 'NONE',  ( -0.000000000000000000, -1.000000000000000000, -0.000000000000000000 ) ) ;
#441 = EDGE_CURVE ( 'NONE', #920, #959, #233, .T. ) ;
#442 = ORIENTED_EDGE ( 'NONE', *, *, #639, .F. ) ;
#443 = CARTESIAN_POINT ( 'NONE',  ( 79.00000000000000000, 25.60000000000000142, 1.600000000000000089 ) ) ;
#444 = EDGE_LOOP ( 'NONE', ( #455, #764 ) ) ;
#445 = CARTESIAN_POINT ( 'NONE',  ( -60.90000000000000568, 4.000000000000019540, -2.100000000000000089 ) ) ;
#446 = CARTESIAN_POINT ( 'NONE',  ( -82.00000000000000000, 9.000000000000000000, 1.734723475976807883E-15 ) ) ;
#447 = ORIENTED_EDGE ( 'NONE', *, *, #711, .T. ) ;
#448 = CARTESIAN_POINT ( 'NONE',  ( -43.20000000000000284, 4.000000000000019540, -1.600000000000000089 ) ) ;
#449 = ORIENTED_EDGE ( 'NONE', *, *, #1207, .T. ) ;
#450 = CARTESIAN_POINT ( 'NONE',  ( 62.69289321881343824, 5.807106781186546662, -1.600000000000000311 ) ) ;
#451 = CARTESIAN_POINT ( 'NONE',  ( -86.00000000000000000, 4.000000000000019540, 0.000000000000000000 ) ) ;
#452 = CARTESIAN_POINT ( 'NONE',  ( -79.00000000000000000, 25.60000000000000497, 1.600000000000000089 ) ) ;
#453 = ORIENTED_EDGE ( 'NONE', *, *, #1262, .F. ) ;
#454 = DIRECTION ( 'NONE',  ( -0.000000000000000000, -1.000000000000000000, -0.000000000000000000 ) ) ;
#455 = ORIENTED_EDGE ( 'NONE', *, *, #1292, .T. ) ;
#456 = CARTESIAN_POINT ( 'NONE',  ( -61.40000000000000568, 6.099999999999999645, -1.600000000000000089 ) ) ;
#457 = VERTEX_POINT ( 'NONE', #474 ) ;
#458 = CARTESIAN_POINT ( 'NONE',  ( -61.40000000000000568, 4.000000000000019540, -2.100000000000000089 ) ) ;
#459 = PRODUCT_DEFINITION_SHAPE ( 'NONE', 'NONE',  #82 ) ;
#460 = EDGE_LOOP ( 'NONE', ( #536, #1113, #550, #1187 ) ) ;
#461 = AXIS2_PLACEMENT_3D ( 'NONE', #1242, #1114, #31 ) ;
#462 = DIRECTION ( 'NONE',  ( 0.000000000000000000, -0.000000000000000000, 1.000000000000000000 ) ) ;
#463 = VECTOR ( 'NONE', #1259, 1000.000000000000000 ) ;
#464 = VECTOR ( 'NONE', #553, 1000.000000000000000 ) ;
#465 = ORIENTED_EDGE ( 'NONE', *, *, #1211, .T. ) ;
#466 = CARTESIAN_POINT ( 'NONE',  ( 62.89999999999998437, 5.599999999999999645, -1.807106781186547551 ) ) ;
#467 = EDGE_LOOP ( 'NONE', ( #302, #933, #1192, #96 ) ) ;
#468 = LINE ( 'NONE', #709, #287 ) ;
#469 = CARTESIAN_POINT ( 'NONE',  ( 0.000000000000000000, 0.000000000000000000, 0.000000000000000000 ) ) ;
#470 = ADVANCED_FACE ( 'NONE', ( #1210 ), #814, .F. ) ;
#471 = VERTEX_POINT ( 'NONE', #456 ) ;
#472 = PLANE ( 'NONE',  #1217 ) ;
#473 = ORIENTED_EDGE ( 'NONE', *, *, #14, .T. ) ;
#474 = CARTESIAN_POINT ( 'NONE',  ( 66.90000000000000568, 1.600000000000000089, -3.210000000000005294 ) ) ;
#475 = FACE_OUTER_BOUND ( 'NONE', #1246, .T. ) ;
#476 = ADVANCED_FACE ( 'NONE', ( #1438, #1303 ), #954, .F. ) ;
#477 = EDGE_CURVE ( 'NONE', #604, #924, #1296, .T. ) ;
#478 = CARTESIAN_POINT ( 'NONE',  ( 86.00000000000000000, 23.00000000000002132, -1.600000000000000089 ) ) ;
#479 = ADVANCED_FACE ( 'NONE', ( #1311 ), #261, .F. ) ;
#480 = ORIENTED_EDGE ( 'NONE', *, *, #425, .F. ) ;
#481 = FACE_OUTER_BOUND ( 'NONE', #738, .T. ) ;
#482 = EDGE_CURVE ( 'NONE', #966, #1308, #127, .T. ) ;
#483 = ORIENTED_EDGE ( 'NONE', *, *, #477, .T. ) ;
#484 = CARTESIAN_POINT ( 'NONE',  ( -56.90000000000000568, 5.599999999999999645, -4.509999999999999787 ) ) ;
#485 = CARTESIAN_POINT ( 'NONE',  ( -52.90000000000001279, 4.000000000000019540, -2.100000000000000089 ) ) ;
#486 = DIRECTION ( 'NONE',  ( -0.000000000000000000, -0.000000000000000000, 1.000000000000000000 ) ) ;
#487 = ORIENTED_EDGE ( 'NONE', *, *, #405, .F. ) ;
#488 =( NAMED_UNIT ( * ) PLANE_ANGLE_UNIT ( ) SI_UNIT ( $, .RADIAN. ) );
#489 = VERTEX_POINT ( 'NONE', #1477 ) ;
#490 = DIRECTION ( 'NONE',  ( -1.000000000000000000, -5.421010862427522170E-16, 0.000000000000000000 ) ) ;
#491 = ADVANCED_FACE ( 'NONE', ( #510 ), #1100, .F. ) ;
#492 = AXIS2_PLACEMENT_3D ( 'NONE', #271, #20, #249 ) ;
#493 = CIRCLE ( 'NONE', #868, 0.5000000000000000000 ) ;
#494 = CARTESIAN_POINT ( 'NONE',  ( -25.69999999999999929, 4.000000000000019540, -1.600000000000000089 ) ) ;
#495 = DIRECTION ( 'NONE',  ( 0.7071067811867193242, 0.000000000000000000, 0.7071067811863758212 ) ) ;
#496 = ORIENTED_EDGE ( 'NONE', *, *, #1427, .F. ) ;
#497 = VERTEX_POINT ( 'NONE', #1454 ) ;
#498 = CARTESIAN_POINT ( 'NONE',  ( -52.90000000000001279, 4.000000000000019540, 0.000000000000000000 ) ) ;
#499 = PLANE ( 'NONE',  #943 ) ;
#500 = DIRECTION ( 'NONE',  ( -0.000000000000000000, -1.000000000000000000, -0.000000000000000000 ) ) ;
#501 = UNCERTAINTY_MEASURE_WITH_UNIT (LENGTH_MEASURE( 1.000000000000000082E-05 ), #935, 'distance_accuracy_value', 'NONE');
#502 = ORIENTED_EDGE ( 'NONE', *, *, #691, .F. ) ;
#503 = CARTESIAN_POINT ( 'NONE',  ( 79.00000000000001421, 0.000000000000000000, 1.600000000000000089 ) ) ;
#504 = ORIENTED_EDGE ( 'NONE', *, *, #245, .T. ) ;
#505 = DIRECTION ( 'NONE',  ( 5.421010862427522170E-16, -1.000000000000000000, 0.000000000000000000 ) ) ;
#506 = LINE ( 'NONE', #1366, #1232 ) ;
#507 = LINE ( 'NONE', #620, #722 ) ;
#508 = ORIENTED_EDGE ( 'NONE', *, *, #808, .T. ) ;
#509 = VERTEX_POINT ( 'NONE', #121 ) ;
#510 = FACE_OUTER_BOUND ( 'NONE', #209, .T. ) ;
#511 = AXIS2_PLACEMENT_3D ( 'NONE', #1472, #1229, #852 ) ;
#512 =( BOUNDED_CURVE ( )  B_SPLINE_CURVE ( 3, ( #337, #450, #466, #805 ),
 .UNSPECIFIED., .F., .T. ) 
 B_SPLINE_CURVE_WITH_KNOTS ( ( 4, 4 ),
 ( 4.712388980384689674, 6.283185307179586232 ),
 .UNSPECIFIED. ) 
 CURVE ( )  GEOMETRIC_REPRESENTATION_ITEM ( )  RATIONAL_B_SPLINE_CURVE ( ( 1.000000000000000000, 0.8047378541243649375, 0.8047378541243649375, 1.000000000000000000 ) ) 
 REPRESENTATION_ITEM ( '' )  );
#513 = DIRECTION ( 'NONE',  ( -1.000000000000000000, 0.000000000000000000, 0.000000000000000000 ) ) ;
#514 = VECTOR ( 'NONE', #603, 1000.000000000000000 ) ;
#515 = VECTOR ( 'NONE', #1249, 1000.000000000000000 ) ;
#516 = CARTESIAN_POINT ( 'NONE',  ( -79.00000000000000000, 25.60000000000000497, 0.000000000000000000 ) ) ;
#517 = VECTOR ( 'NONE', #871, 1000.000000000000000 ) ;
#518 = VECTOR ( 'NONE', #779, 1000.000000000000000 ) ;
#519 = ADVANCED_BREP_SHAPE_REPRESENTATION ( 'EtherWizMini_Backplate', ( #885, #91 ), #911 ) ;
#520 = VERTEX_POINT ( 'NONE', #498 ) ;
#521 = EDGE_LOOP ( 'NONE', ( #1140, #757, #866, #1435 ) ) ;
#522 = CARTESIAN_POINT ( 'NONE',  ( -86.00000000000000000, 23.00000000000002842, 0.000000000000000000 ) ) ;
#523 = LINE ( 'NONE', #1115, #1014 ) ;
#524 = EDGE_CURVE ( 'NONE', #299, #810, #877, .T. ) ;
#525 = LINE ( 'NONE', #279, #1015 ) ;
#526 = EDGE_CURVE ( 'NONE', #73, #509, #695, .T. ) ;
#527 = COLOUR_RGB ( '',0.8941176470588234615, 0.8941176470588234615, 0.8941176470588234615 ) ;
#528 = EDGE_CURVE ( 'NONE', #400, #961, #733, .T. ) ;
#529 = EDGE_CURVE ( 'NONE', #280, #122, #1350, .T. ) ;
#530 = EDGE_LOOP ( 'NONE', ( #971, #327 ) ) ;
#531 = CARTESIAN_POINT ( 'NONE',  ( -79.00000000000000000, 1.908195823574487804E-14, 0.000000000000000000 ) ) ;
#532 = DIRECTION ( 'NONE',  ( 0.000000000000000000, 0.000000000000000000, 1.000000000000000000 ) ) ;
#533 = LINE ( 'NONE', #1511, #13 ) ;
#534 = ADVANCED_FACE ( 'NONE', ( #135 ), #151, .F. ) ;
#535 = DIRECTION ( 'NONE',  ( -1.000000000000000000, -0.000000000000000000, -0.000000000000000000 ) ) ;
#536 = ORIENTED_EDGE ( 'NONE', *, *, #689, .T. ) ;
#537 = CARTESIAN_POINT ( 'NONE',  ( -52.90000000000001279, 5.599999999999999645, 0.000000000000000000 ) ) ;
#538 = DIRECTION ( 'NONE',  ( 0.000000000000000000, 0.000000000000000000, 1.000000000000000000 ) ) ;
#539 = EDGE_CURVE ( 'NONE', #897, #1284, #617, .T. ) ;
#540 = DIRECTION ( 'NONE',  ( 0.000000000000000000, -0.000000000000000000, -1.000000000000000000 ) ) ;
#541 = VECTOR ( 'NONE', #1353, 1000.000000000000000 ) ;
#542 = LINE ( 'NONE', #1010, #1404 ) ;
#543 = VERTEX_POINT ( 'NONE', #25 ) ;
#544 = CARTESIAN_POINT ( 'NONE',  ( -43.20000000000000284, 15.60000000000000142, 1.600000000000000089 ) ) ;
#545 = CARTESIAN_POINT ( 'NONE',  ( -86.00000000000000000, 4.000000000000019540, -1.600000000000000089 ) ) ;
#546 = DIRECTION ( 'NONE',  ( -0.000000000000000000, -1.000000000000000000, -0.000000000000000000 ) ) ;
#547 = ORIENTED_EDGE ( 'NONE', *, *, #33, .T. ) ;
#548 = CARTESIAN_POINT ( 'NONE',  ( -60.90000000000000568, 1.600000000000000089, 0.000000000000000000 ) ) ;
#549 = CIRCLE ( 'NONE', #66, 1.300000000000001599 ) ;
#550 = ORIENTED_EDGE ( 'NONE', *, *, #651, .F. ) ;
#551 = DIRECTION ( 'NONE',  ( 0.000000000000000000, -1.000000000000000000, 0.000000000000000000 ) ) ;
#552 = VECTOR ( 'NONE', #1186, 1000.000000000000000 ) ;
#553 = DIRECTION ( 'NONE',  ( -0.000000000000000000, 0.000000000000000000, 1.000000000000000000 ) ) ;
#554 = CARTESIAN_POINT ( 'NONE',  ( -25.69999999999999929, 1.600000000000000089, 0.000000000000000000 ) ) ;
#555 = ORIENTED_EDGE ( 'NONE', *, *, #528, .F. ) ;
#556 = DIRECTION ( 'NONE',  ( 1.000000000000000000, 0.000000000000000000, 0.000000000000000000 ) ) ;
#557 = ORIENTED_EDGE ( 'NONE', *, *, #414, .T. ) ;
#558 = CARTESIAN_POINT ( 'NONE',  ( 66.90000000000000568, 5.599999999999999645, -3.210000000000005294 ) ) ;
#559 = ORIENTED_EDGE ( 'NONE', *, *, #208, .F. ) ;
#560 = FACE_OUTER_BOUND ( 'NONE', #101, .T. ) ;
#561 = ORIENTED_EDGE ( 'NONE', *, *, #539, .T. ) ;
#562 = LINE ( 'NONE', #1424, #365 ) ;
#563 = FACE_OUTER_BOUND ( 'NONE', #1022, .T. ) ;
#564 = VECTOR ( 'NONE', #295, 1000.000000000000000 ) ;
#565 = VECTOR ( 'NONE', #12, 1000.000000000000000 ) ;
#566 = VECTOR ( 'NONE', #737, 1000.000000000000000 ) ;
#567 = ORIENTED_EDGE ( 'NONE', *, *, #573, .T. ) ;
#568 = DIRECTION ( 'NONE',  ( 1.000000000000000000, 0.000000000000000000, 0.000000000000000000 ) ) ;
#569 = ORIENTED_EDGE ( 'NONE', *, *, #1267, .T. ) ;
#570 = CARTESIAN_POINT ( 'NONE',  ( 86.00000000000000000, 4.000000000000019540, -1.600000000000000089 ) ) ;
#571 = DIRECTION ( 'NONE',  ( 0.000000000000000000, 0.000000000000000000, -1.000000000000000000 ) ) ;
#572 = CARTESIAN_POINT ( 'NONE',  ( 62.39999999999998437, 6.099999999999999645, -1.600000000000000089 ) ) ;
#573 = EDGE_CURVE ( 'NONE', #395, #163, #693, .T. ) ;
#574 = ORIENTED_EDGE ( 'NONE', *, *, #1196, .F. ) ;
#575 = DIRECTION ( 'NONE',  ( 1.000000000000000000, 0.000000000000000000, 0.000000000000000000 ) ) ;
#576 = VERTEX_POINT ( 'NONE', #1471 ) ;
#577 = LINE ( 'NONE', #948, #941 ) ;
#578 = CARTESIAN_POINT ( 'NONE',  ( 82.00000000000000000, 9.000000000000000000, -0.02499999999999724665 ) ) ;
#579 = CARTESIAN_POINT ( 'NONE',  ( 70.89999999999999147, 5.599999999999999645, -7.000000000000009770 ) ) ;
#580 = EDGE_LOOP ( 'NONE', ( #465, #1545, #401, #1362 ) ) ;
#581 = CARTESIAN_POINT ( 'NONE',  ( 0.000000000000000000, 5.599999999999999645, 0.000000000000000000 ) ) ;
#582 = ORIENTED_EDGE ( 'NONE', *, *, #1227, .F. ) ;
#583 = FACE_OUTER_BOUND ( 'NONE', #1445, .T. ) ;
#584 = EDGE_CURVE ( 'NONE', #906, #604, #1109, .T. ) ;
#585 = CARTESIAN_POINT ( 'NONE',  ( 0.000000000000000000, 6.099999999999999645, -2.100000000000000089 ) ) ;
#586 = CARTESIAN_POINT ( 'NONE',  ( 71.40000000000000568, 4.000000000000019540, -2.100000000000000089 ) ) ;
#587 = VECTOR ( 'NONE', #774, 1000.000000000000000 ) ;
#588 = VERTEX_POINT ( 'NONE', #1091 ) ;
#589 = VECTOR ( 'NONE', #1318, 1000.000000000000000 ) ;
#590 = LINE ( 'NONE', #203, #399 ) ;
#591 = VECTOR ( 'NONE', #853, 1000.000000000000000 ) ;
#592 = ADVANCED_FACE ( 'NONE', ( #1464 ), #1228, .F. ) ;
#593 = CONICAL_SURFACE ( 'NONE', #1562, 1.049999999999995381, 0.7853981633976910848 ) ;
#594 = ADVANCED_FACE ( 'NONE', ( #857, #276 ), #269, .T. ) ;
#595 = ORIENTED_EDGE ( 'NONE', *, *, #188, .T. ) ;
#596 = DIRECTION ( 'NONE',  ( 0.000000000000000000, 1.000000000000000000, 0.000000000000000000 ) ) ;
#597 = ORIENTED_EDGE ( 'NONE', *, *, #759, .F. ) ;
#598 = CARTESIAN_POINT ( 'NONE',  ( -43.20000000000000284, 15.60000000000000142, -7.000000000000009770 ) ) ;
#599 = EDGE_CURVE ( 'NONE', #50, #192, #180, .T. ) ;
#600 = ORIENTED_EDGE ( 'NONE', *, *, #1035, .T. ) ;
#601 = LINE ( 'NONE', #863, #1123 ) ;
#602 = EDGE_LOOP ( 'NONE', ( #1275, #1032, #421, #742 ) ) ;
#603 = DIRECTION ( 'NONE',  ( 1.000000000000000000, 0.000000000000000000, 0.000000000000000000 ) ) ;
#604 = VERTEX_POINT ( 'NONE', #761 ) ;
#605 = LINE ( 'NONE', #138, #565 ) ;
#606 = VERTEX_POINT ( 'NONE', #1080 ) ;
#607 = EDGE_CURVE ( 'NONE', #395, #903, #4, .T. ) ;
#608 = LINE ( 'NONE', #503, #566 ) ;
#609 = APPLICATION_CONTEXT ( 'automotive_design' ) ;
#610 = EDGE_LOOP ( 'NONE', ( #793, #1075, #1159, #1038 ) ) ;
#611 = CARTESIAN_POINT ( 'NONE',  ( 0.000000000000000000, 0.000000000000000000, 0.000000000000000000 ) ) ;
#612 = CARTESIAN_POINT ( 'NONE',  ( 80.97500000000002274, 9.000000000000000000, -0.02499999999999724665 ) ) ;
#613 = LINE ( 'NONE', #1094, #161 ) ;
#614 = ORIENTED_EDGE ( 'NONE', *, *, #1093, .F. ) ;
#615 = CARTESIAN_POINT ( 'NONE',  ( -25.69999999999999929, 15.60000000000000320, -7.000000000000009770 ) ) ;
#616 = EDGE_LOOP ( 'NONE', ( #306, #597 ) ) ;
#617 = LINE ( 'NONE', #1220, #1457 ) ;
#618 = AXIS2_PLACEMENT_3D ( 'NONE', #48, #1009, #653 ) ;
#619 = FACE_OUTER_BOUND ( 'NONE', #254, .T. ) ;
#620 = CARTESIAN_POINT ( 'NONE',  ( 79.00000000000000000, 25.60000000000000142, 0.000000000000000000 ) ) ;
#621 = ORIENTED_EDGE ( 'NONE', *, *, #635, .T. ) ;
#622 = PRESENTATION_STYLE_ASSIGNMENT (( #348 ) ) ;
#623 = ORIENTED_EDGE ( 'NONE', *, *, #1084, .F. ) ;
#624 = DIRECTION ( 'NONE',  ( 0.000000000000000000, 0.000000000000000000, -1.000000000000000000 ) ) ;
#625 = DIRECTION ( 'NONE',  ( 0.000000000000000000, -0.000000000000000000, -1.000000000000000000 ) ) ;
#626 = CARTESIAN_POINT ( 'NONE',  ( 83.02499999999999147, 9.000000000000000000, -1.600000000000004086 ) ) ;
#627 = VECTOR ( 'NONE', #1426, 1000.000000000000000 ) ;
#628 = ORIENTED_EDGE ( 'NONE', *, *, #1093, .T. ) ;
#629 = ORIENTED_EDGE ( 'NONE', *, *, #573, .F. ) ;
#630 = DIRECTION ( 'NONE',  ( 0.000000000000000000, 0.000000000000000000, -1.000000000000000000 ) ) ;
#631 = DIRECTION ( 'NONE',  ( 1.000000000000000000, 0.000000000000000000, 0.000000000000000000 ) ) ;
#632 =( BOUNDED_CURVE ( )  B_SPLINE_CURVE ( 3, ( #402, #881, #1373, #921 ),
 .UNSPECIFIED., .F., .T. ) 
 B_SPLINE_CURVE_WITH_KNOTS ( ( 4, 4 ),
 ( 4.712388980384689674, 6.283185307179584456 ),
 .UNSPECIFIED. ) 
 CURVE ( )  GEOMETRIC_REPRESENTATION_ITEM ( )  RATIONAL_B_SPLINE_CURVE ( ( 1.000000000000000000, 0.8047378541243649375, 0.8047378541243649375, 1.000000000000000000 ) ) 
 REPRESENTATION_ITEM ( '' )  );
#633 = DIRECTION ( 'NONE',  ( 0.000000000000000000, -1.000000000000000000, 0.000000000000000000 ) ) ;
#634 = ORIENTED_EDGE ( 'NONE', *, *, #639, .T. ) ;
#635 = EDGE_CURVE ( 'NONE', #30, #439, #1528, .T. ) ;
#636 = ORIENTED_EDGE ( 'NONE', *, *, #648, .T. ) ;
#637 = DIRECTION ( 'NONE',  ( 0.000000000000000000, -1.000000000000000000, 0.000000000000000000 ) ) ;
#638 = ADVANCED_FACE ( 'NONE', ( #1276 ), #1121, .F. ) ;
#639 = EDGE_CURVE ( 'NONE', #736, #938, #164, .T. ) ;
#640 = EDGE_CURVE ( 'NONE', #1293, #676, #1269, .T. ) ;
#641 = DIRECTION ( 'NONE',  ( 1.000000000000000000, 0.000000000000000000, -0.000000000000000000 ) ) ;
#642 = AXIS2_PLACEMENT_3D ( 'NONE', #987, #388, #1359 ) ;
#643 = VECTOR ( 'NONE', #1149, 1000.000000000000000 ) ;
#644 = EDGE_CURVE ( 'NONE', #313, #1073, #1007, .T. ) ;
#645 = LINE ( 'NONE', #1499, #1041 ) ;
#646 = CIRCLE ( 'NONE', #364, 1.024999999999984368 ) ;
#647 = VECTOR ( 'NONE', #352, 1000.000000000000000 ) ;
#648 = EDGE_CURVE ( 'NONE', #202, #1417, #1521, .T. ) ;
#649 = ORIENTED_EDGE ( 'NONE', *, *, #1455, .F. ) ;
#650 = FACE_OUTER_BOUND ( 'NONE', #521, .T. ) ;
#651 = EDGE_CURVE ( 'NONE', #1018, #58, #1501, .T. ) ;
#652 = DIRECTION ( 'NONE',  ( 1.000000000000000000, 0.000000000000000000, 0.000000000000000000 ) ) ;
#653 = DIRECTION ( 'NONE',  ( 1.000000000000000000, 0.000000000000000000, -0.000000000000000000 ) ) ;
#654 = LINE ( 'NONE', #1505, #1332 ) ;
#655 = EDGE_CURVE ( 'NONE', #457, #576, #362, .T. ) ;
#656 = ORIENTED_EDGE ( 'NONE', *, *, #651, .T. ) ;
#657 = CARTESIAN_POINT ( 'NONE',  ( -82.00000000000000000, 9.000000000000000000, 0.000000000000000000 ) ) ;
#658 = DIRECTION ( 'NONE',  ( -1.000000000000000000, 0.000000000000000000, 0.000000000000000000 ) ) ;
#659 = DIRECTION ( 'NONE',  ( 0.000000000000000000, -1.000000000000000000, 0.000000000000000000 ) ) ;
#660 = DIRECTION ( 'NONE',  ( 0.000000000000000000, -0.000000000000000000, -1.000000000000000000 ) ) ;
#661 = ORIENTED_EDGE ( 'NONE', *, *, #1371, .T. ) ;
#662 = LINE ( 'NONE', #544, #85 ) ;
#663 = CONICAL_SURFACE ( 'NONE', #1555, 1.049999999999995381, 0.7853981633976910848 ) ;
#664 = CARTESIAN_POINT ( 'NONE',  ( -25.69999999999999929, 15.60000000000000320, 1.600000000000000089 ) ) ;
#665 = LINE ( 'NONE', #1367, #944 ) ;
#666 = AXIS2_PLACEMENT_3D ( 'NONE', #381, #490, #505 ) ;
#667 = VECTOR ( 'NONE', #659, 1000.000000000000000 ) ;
#668 = ORIENTED_EDGE ( 'NONE', *, *, #314, .F. ) ;
#669 = VECTOR ( 'NONE', #1525, 1000.000000000000000 ) ;
#670 = AXIS2_PLACEMENT_3D ( 'NONE', #1489, #1478, #1339 ) ;
#671 = CARTESIAN_POINT ( 'NONE',  ( 62.89999999999998437, 5.599999999999999645, -7.000000000000009770 ) ) ;
#672 = EDGE_LOOP ( 'NONE', ( #29, #429, #1194, #1011 ) ) ;
#673 = CARTESIAN_POINT ( 'NONE',  ( -86.00000000000000000, 23.00000000000002842, 0.000000000000000000 ) ) ;
#674 = DIRECTION ( 'NONE',  ( 0.000000000000000000, 0.000000000000000000, 1.000000000000000000 ) ) ;
#675 = DIRECTION ( 'NONE',  ( 1.000000000000000000, 0.000000000000000000, 0.000000000000000000 ) ) ;
#676 = VERTEX_POINT ( 'NONE', #1027 ) ;
#677 = CARTESIAN_POINT ( 'NONE',  ( -79.00000000000000000, 25.60000000000000497, 0.000000000000000000 ) ) ;
#678 = EDGE_LOOP ( 'NONE', ( #1239, #1310 ) ) ;
#679 = CARTESIAN_POINT ( 'NONE',  ( -61.10710678118655892, 5.807106781186546662, -1.600000000000000311 ) ) ;
#680 = ORIENTED_EDGE ( 'NONE', *, *, #353, .F. ) ;
#681 = DIRECTION ( 'NONE',  ( 0.000000000000000000, 1.000000000000000000, 0.000000000000000000 ) ) ;
#682 = ORIENTED_EDGE ( 'NONE', *, *, #1322, .F. ) ;
#683 = DIRECTION ( 'NONE',  ( -0.000000000000000000, -0.000000000000000000, 1.000000000000000000 ) ) ;
#684 = CARTESIAN_POINT ( 'NONE',  ( -79.00000000000000000, 1.908195823574487804E-14, 1.600000000000000089 ) ) ;
#685 = ORIENTED_EDGE ( 'NONE', *, *, #1326, .F. ) ;
#686 = FACE_OUTER_BOUND ( 'NONE', #1167, .T. ) ;
#687 = VERTEX_POINT ( 'NONE', #1514 ) ;
#688 = CARTESIAN_POINT ( 'NONE',  ( 82.00000000000000000, 9.000000000000000000, 1.734723475976807883E-15 ) ) ;
#689 = EDGE_CURVE ( 'NONE', #497, #947, #1128, .T. ) ;
#690 = CARTESIAN_POINT ( 'NONE',  ( 62.89999999999998437, 5.599999999999999645, -2.100000000000000089 ) ) ;
#691 = EDGE_CURVE ( 'NONE', #676, #280, #662, .T. ) ;
#692 = CARTESIAN_POINT ( 'NONE',  ( -25.69999999999999929, 0.000000000000000000, 0.000000000000000000 ) ) ;
#693 = CIRCLE ( 'NONE', #840, 1.024999999999984368 ) ;
#694 = VECTOR ( 'NONE', #420, 1000.000000000000000 ) ;
#695 =( BOUNDED_CURVE ( )  B_SPLINE_CURVE ( 3, ( #752, #361, #844, #372 ),
 .UNSPECIFIED., .F., .T. ) 
 B_SPLINE_CURVE_WITH_KNOTS ( ( 4, 4 ),
 ( 3.141592653589793116, 4.712388980384689674 ),
 .UNSPECIFIED. ) 
 CURVE ( )  GEOMETRIC_REPRESENTATION_ITEM ( )  RATIONAL_B_SPLINE_CURVE ( ( 1.000000000000000000, 0.8047378541243649375, 0.8047378541243649375, 1.000000000000000000 ) ) 
 REPRESENTATION_ITEM ( '' )  );
#696 = ORIENTED_EDGE ( 'NONE', *, *, #1257, .F. ) ;
#697 = CARTESIAN_POINT ( 'NONE',  ( 79.00000000000000000, 25.60000000000000142, 0.000000000000000000 ) ) ;
#698 = ORIENTED_EDGE ( 'NONE', *, *, #1206, .F. ) ;
#699 = CARTESIAN_POINT ( 'NONE',  ( 70.90000000000000568, 1.600000000000000089, 0.000000000000000000 ) ) ;
#700 = ADVANCED_FACE ( 'NONE', ( #650 ), #430, .F. ) ;
#701 = CARTESIAN_POINT ( 'NONE',  ( -83.02499999999999147, 9.000000000000000000, 0.000000000000000000 ) ) ;
#702 = DIRECTION ( 'NONE',  ( 1.000000000000000000, -1.207718875680055475E-16, 0.000000000000000000 ) ) ;
#703 = ORIENTED_EDGE ( 'NONE', *, *, #1441, .F. ) ;
#704 = DIRECTION ( 'NONE',  ( 0.000000000000000000, 0.000000000000000000, 1.000000000000000000 ) ) ;
#705 = EDGE_CURVE ( 'NONE', #1290, #732, #284, .T. ) ;
#706 = ORIENTED_EDGE ( 'NONE', *, *, #529, .T. ) ;
#707 = CARTESIAN_POINT ( 'NONE',  ( 0.000000000000000000, 6.099999999999999645, -2.100000000000000089 ) ) ;
#708 = DIRECTION ( 'NONE',  ( 1.000000000000000000, -0.000000000000000000, 0.000000000000000000 ) ) ;
#709 = CARTESIAN_POINT ( 'NONE',  ( 71.40000000000000568, 5.599999999999999645, -1.600000000000000089 ) ) ;
#710 = APPLICATION_PROTOCOL_DEFINITION ( 'draft international standard', 'automotive_design', 1998, #609 ) ;
#711 = EDGE_CURVE ( 'NONE', #903, #777, #1515, .T. ) ;
#712 = EDGE_CURVE ( 'NONE', #1053, #1290, #1247, .T. ) ;
#713 = ORIENTED_EDGE ( 'NONE', *, *, #1196, .T. ) ;
#714 = DIRECTION ( 'NONE',  ( -5.421010862427522170E-16, 1.000000000000000000, -0.000000000000000000 ) ) ;
#715 = VERTEX_POINT ( 'NONE', #522 ) ;
#716 = CARTESIAN_POINT ( 'NONE',  ( -52.90000000000001279, 1.600000000000000089, 0.000000000000000000 ) ) ;
#717 = FACE_OUTER_BOUND ( 'NONE', #1185, .T. ) ;
#718 = DIRECTION ( 'NONE',  ( 0.000000000000000000, 1.000000000000000000, 0.000000000000000000 ) ) ;
#719 = VECTOR ( 'NONE', #1516, 1000.000000000000000 ) ;
#720 = ORIENTED_EDGE ( 'NONE', *, *, #727, .T. ) ;
#721 = CARTESIAN_POINT ( 'NONE',  ( 79.00000000000001421, 0.000000000000000000, 0.000000000000000000 ) ) ;
#722 = VECTOR ( 'NONE', #1361, 1000.000000000000000 ) ;
#723 = VECTOR ( 'NONE', #1170, 1000.000000000000000 ) ;
#724 = ORIENTED_EDGE ( 'NONE', *, *, #1030, .T. ) ;
#725 = DIRECTION ( 'NONE',  ( 0.000000000000000000, 1.000000000000000000, -0.000000000000000000 ) ) ;
#726 = LINE ( 'NONE', #485, #311 ) ;
#727 = EDGE_CURVE ( 'NONE', #73, #1018, #1019, .T. ) ;
#728 = CARTESIAN_POINT ( 'NONE',  ( 70.90000000000000568, 5.599999999999999645, 0.000000000000000000 ) ) ;
#729 = CARTESIAN_POINT ( 'NONE',  ( -86.00000000000000000, 4.000000000000019540, -1.600000000000000089 ) ) ;
#730 = ORIENTED_EDGE ( 'NONE', *, *, #1024, .T. ) ;
#731 = FILL_AREA_STYLE ('',( #1462 ) ) ;
#732 = VERTEX_POINT ( 'NONE', #784 ) ;
#733 = LINE ( 'NONE', #1338, #112 ) ;
#734 = DIRECTION ( 'NONE',  ( 1.000000000000000000, 0.000000000000000000, 0.000000000000000000 ) ) ;
#735 = FACE_OUTER_BOUND ( 'NONE', #1173, .T. ) ;
#736 = VERTEX_POINT ( 'NONE', #1012 ) ;
#737 = DIRECTION ( 'NONE',  ( -0.000000000000000000, -0.000000000000000000, -1.000000000000000000 ) ) ;
#738 = EDGE_LOOP ( 'NONE', ( #600, #574, #831, #1411, #1042, #120 ) ) ;
#739 = DIRECTION ( 'NONE',  ( -0.000000000000000000, -1.000000000000000000, -0.000000000000000000 ) ) ;
#740 = DIRECTION ( 'NONE',  ( -0.000000000000000000, -0.000000000000000000, 1.000000000000000000 ) ) ;
#741 = CARTESIAN_POINT ( 'NONE',  ( 70.90000000000000568, 5.599999999999999645, 0.000000000000000000 ) ) ;
#742 = ORIENTED_EDGE ( 'NONE', *, *, #247, .T. ) ;
#743 = SURFACE_SIDE_STYLE ('',( #379 ) ) ;
#744 = EDGE_LOOP ( 'NONE', ( #751, #703 ) ) ;
#745 = CARTESIAN_POINT ( 'NONE',  ( -56.90000000000000568, 5.599999999999999645, -3.209999999999998632 ) ) ;
#746 = CIRCLE ( 'NONE', #56, 1.024999999999984368 ) ;
#747 = CIRCLE ( 'NONE', #1357, 1.049999999999995381 ) ;
#748 = CARTESIAN_POINT ( 'NONE',  ( 82.00000000000000000, 9.000000000000000000, 1.734723475976807883E-15 ) ) ;
#749 = CARTESIAN_POINT ( 'NONE',  ( 62.89999999999998437, 5.599999999999999645, -7.000000000000009770 ) ) ;
#750 = ORIENTED_EDGE ( 'NONE', *, *, #584, .F. ) ;
#751 = ORIENTED_EDGE ( 'NONE', *, *, #194, .F. ) ;
#752 = CARTESIAN_POINT ( 'NONE',  ( -52.90000000000001279, 5.599999999999999645, -2.100000000000000089 ) ) ;
#753 = EDGE_CURVE ( 'NONE', #715, #202, #1509, .T. ) ;
#754 = CARTESIAN_POINT ( 'NONE',  ( -86.00000000000000000, 23.00000000000002842, -1.600000000000000089 ) ) ;
#755 = VECTOR ( 'NONE', #303, 1000.000000000000000 ) ;
#756 = LINE ( 'NONE', #516, #1281 ) ;
#757 = ORIENTED_EDGE ( 'NONE', *, *, #148, .F. ) ;
#758 = EDGE_CURVE ( 'NONE', #912, #906, #632, .T. ) ;
#759 = EDGE_CURVE ( 'NONE', #966, #275, #549, .T. ) ;
#760 = ORIENTED_EDGE ( 'NONE', *, *, #424, .F. ) ;
#761 = CARTESIAN_POINT ( 'NONE',  ( 70.90000000000000568, 4.000000000000019540, -2.099999999999999645 ) ) ;
#762 = LINE ( 'NONE', #1360, #860 ) ;
#763 = CARTESIAN_POINT ( 'NONE',  ( 82.00000000000000000, 9.000000000000000000, -1.600000000000004086 ) ) ;
#764 = ORIENTED_EDGE ( 'NONE', *, *, #1326, .T. ) ;
#765 = DIRECTION ( 'NONE',  ( 0.000000000000000000, 0.000000000000000000, -1.000000000000000000 ) ) ;
#766 = PLANE ( 'NONE',  #239 ) ;
#767 = VECTOR ( 'NONE', #65, 1000.000000000000000 ) ;
#768 = FACE_OUTER_BOUND ( 'NONE', #1420, .T. ) ;
#769 = AXIS2_PLACEMENT_3D ( 'NONE', #1551, #221, #1416 ) ;
#770 = EDGE_CURVE ( 'NONE', #1018, #497, #320, .T. ) ;
#771 = CARTESIAN_POINT ( 'NONE',  ( -56.90000000000000568, 5.599999999999999645, -4.509999999999999787 ) ) ;
#772 = EDGE_LOOP ( 'NONE', ( #321, #843, #204, #504 ) ) ;
#773 = DIRECTION ( 'NONE',  ( 1.000000000000000000, 0.000000000000000000, 0.000000000000000000 ) ) ;
#774 = DIRECTION ( 'NONE',  ( -0.000000000000000000, 1.000000000000000000, -0.000000000000000000 ) ) ;
#775 = FACE_OUTER_BOUND ( 'NONE', #315, .T. ) ;
#776 = CARTESIAN_POINT ( 'NONE',  ( 66.90000000000000568, 5.599999999999999645, -4.509999999999999787 ) ) ;
#777 = VERTEX_POINT ( 'NONE', #1418 ) ;
#778 = DIRECTION ( 'NONE',  ( 0.7071067811867193242, 0.000000000000000000, 0.7071067811863758212 ) ) ;
#779 = DIRECTION ( 'NONE',  ( -5.421010862427522170E-16, 1.000000000000000000, -0.000000000000000000 ) ) ;
#780 = DIRECTION ( 'NONE',  ( 1.000000000000000000, -0.000000000000000000, 1.193724467468879224E-15 ) ) ;
#781 = EDGE_LOOP ( 'NONE', ( #847, #1062, #483, #1508, #244, #1047 ) ) ;
#782 = PLANE ( 'NONE',  #1560 ) ;
#783 = VERTEX_POINT ( 'NONE', #1540 ) ;
#784 = CARTESIAN_POINT ( 'NONE',  ( 62.89999999999998437, 4.000000000000019540, -2.100000000000000089 ) ) ;
#785 = LINE ( 'NONE', #545, #389 ) ;
#786 = CARTESIAN_POINT ( 'NONE',  ( -43.20000000000000284, 4.000000000000019540, 0.000000000000000000 ) ) ;
#787 = VECTOR ( 'NONE', #1567, 1000.000000000000000 ) ;
#788 = VECTOR ( 'NONE', #100, 1000.000000000000000 ) ;
#789 = VERTEX_POINT ( 'NONE', #1037 ) ;
#790 = VECTOR ( 'NONE', #1175, 1000.000000000000000 ) ;
#791 = AXIS2_PLACEMENT_3D ( 'NONE', #1502, #1498, #796 ) ;
#792 = LINE ( 'NONE', #1139, #643 ) ;
#793 = ORIENTED_EDGE ( 'NONE', *, *, #76, .F. ) ;
#794 = DIRECTION ( 'NONE',  ( -0.000000000000000000, -0.000000000000000000, 1.000000000000000000 ) ) ;
#795 = EDGE_LOOP ( 'NONE', ( #835, #750, #1231, #1120 ) ) ;
#796 = DIRECTION ( 'NONE',  ( 0.000000000000000000, 0.000000000000000000, 1.000000000000000000 ) ) ;
#797 = ORIENTED_EDGE ( 'NONE', *, *, #1491, .F. ) ;
#798 = CARTESIAN_POINT ( 'NONE',  ( 70.89999999999999147, 1.600000000000000089, -7.000000000000009770 ) ) ;
#799 = EDGE_CURVE ( 'NONE', #520, #431, #1072, .T. ) ;
#800 = AXIS2_PLACEMENT_3D ( 'NONE', #581, #72, #462 ) ;
#801 = ORIENTED_EDGE ( 'NONE', *, *, #245, .F. ) ;
#802 = FACE_OUTER_BOUND ( 'NONE', #1095, .T. ) ;
#803 = ADVANCED_FACE ( 'NONE', ( #802 ), #272, .F. ) ;
#804 = ORIENTED_EDGE ( 'NONE', *, *, #926, .T. ) ;
#805 = CARTESIAN_POINT ( 'NONE',  ( 62.89999999999998437, 5.599999999999999645, -2.100000000000000089 ) ) ;
#806 = ADVANCED_FACE ( 'NONE', ( #1287 ), #94, .F. ) ;
#807 = DIRECTION ( 'NONE',  ( -0.000000000000000000, -0.000000000000000000, 1.000000000000000000 ) ) ;
#808 = EDGE_CURVE ( 'NONE', #789, #1087, #946, .T. ) ;
#809 = FACE_OUTER_BOUND ( 'NONE', #951, .T. ) ;
#810 = VERTEX_POINT ( 'NONE', #223 ) ;
#811 = CARTESIAN_POINT ( 'NONE',  ( -52.90000000000001279, 5.599999999999999645, 0.000000000000000000 ) ) ;
#812 = EDGE_CURVE ( 'NONE', #936, #471, #955, .T. ) ;
#813 = VERTEX_POINT ( 'NONE', #448 ) ;
#814 = PLANE ( 'NONE',  #11 ) ;
#815 = DIRECTION ( 'NONE',  ( 1.000000000000000000, 0.000000000000000000, 0.000000000000000000 ) ) ;
#816 = DIRECTION ( 'NONE',  ( 0.000000000000000000, -1.000000000000000000, 0.000000000000000000 ) ) ;
#817 = DIRECTION ( 'NONE',  ( 0.000000000000000000, 0.000000000000000000, -1.000000000000000000 ) ) ;
#818 = EDGE_CURVE ( 'NONE', #1107, #1526, #937, .T. ) ;
#819 = ORIENTED_EDGE ( 'NONE', *, *, #359, .F. ) ;
#820 = FACE_BOUND ( 'NONE', #530, .T. ) ;
#821 = EDGE_CURVE ( 'NONE', #897, #280, #328, .T. ) ;
#822 = ORIENTED_EDGE ( 'NONE', *, *, #1138, .F. ) ;
#823 = CARTESIAN_POINT ( 'NONE',  ( -79.00000000000000000, 1.908195823574487804E-14, 1.600000000000000089 ) ) ;
#824 = CARTESIAN_POINT ( 'NONE',  ( 62.89999999999998437, 1.600000000000000089, -7.000000000000009770 ) ) ;
#825 = CARTESIAN_POINT ( 'NONE',  ( -43.20000000000000284, 0.000000000000000000, 0.000000000000000000 ) ) ;
#826 = VERTEX_POINT ( 'NONE', #697 ) ;
#827 = DIRECTION ( 'NONE',  ( -1.000000000000000000, 0.000000000000000000, 0.000000000000000000 ) ) ;
#828 = EDGE_LOOP ( 'NONE', ( #1330, #1513, #154, #378 ) ) ;
#829 = VECTOR ( 'NONE', #575, 1000.000000000000000 ) ;
#830 = LINE ( 'NONE', #443, #889 ) ;
#831 = ORIENTED_EDGE ( 'NONE', *, *, #1166, .T. ) ;
#832 = DIRECTION ( 'NONE',  ( 0.000000000000000000, 0.000000000000000000, -1.000000000000000000 ) ) ;
#833 = ORIENTED_EDGE ( 'NONE', *, *, #648, .F. ) ;
#834 = CARTESIAN_POINT ( 'NONE',  ( 82.00000000000000000, 9.000000000000000000, 1.734723475976807883E-15 ) ) ;
#835 = ORIENTED_EDGE ( 'NONE', *, *, #988, .F. ) ;
#836 = DIRECTION ( 'NONE',  ( -0.000000000000000000, -0.000000000000000000, -1.000000000000000000 ) ) ;
#837 = LINE ( 'NONE', #291, #393 ) ;
#838 = DIRECTION ( 'NONE',  ( 1.000000000000000000, 0.000000000000000000, -0.000000000000000000 ) ) ;
#839 = VERTEX_POINT ( 'NONE', #1054 ) ;
#840 = AXIS2_PLACEMENT_3D ( 'NONE', #9, #255, #18 ) ;
#841 = VECTOR ( 'NONE', #264, 1000.000000000000000 ) ;
#842 = CARTESIAN_POINT ( 'NONE',  ( -60.90000000000000568, 5.599999999999999645, 0.000000000000000000 ) ) ;
#843 = ORIENTED_EDGE ( 'NONE', *, *, #356, .F. ) ;
#844 = CARTESIAN_POINT ( 'NONE',  ( -52.69289321881345245, 5.807106781186546662, -1.600000000000000311 ) ) ;
#845 = FACE_BOUND ( 'NONE', #678, .T. ) ;
#846 = CARTESIAN_POINT ( 'NONE',  ( -60.90000000000000568, 5.599999999999999645, -2.100000000000000089 ) ) ;
#847 = ORIENTED_EDGE ( 'NONE', *, *, #301, .F. ) ;
#848 =( NAMED_UNIT ( * ) SI_UNIT ( $, .STERADIAN. ) SOLID_ANGLE_UNIT ( ) );
#849 = EDGE_LOOP ( 'NONE', ( #274, #212, #1363, #132, #1002 ) ) ;
#850 = EDGE_CURVE ( 'NONE', #924, #126, #102, .T. ) ;
#851 = DIRECTION ( 'NONE',  ( 0.000000000000000000, 0.000000000000000000, 1.000000000000000000 ) ) ;
#852 = DIRECTION ( 'NONE',  ( 1.000000000000000000, 0.000000000000000000, 0.000000000000000000 ) ) ;
#853 = DIRECTION ( 'NONE',  ( -0.000000000000000000, -0.000000000000000000, 1.000000000000000000 ) ) ;
#854 = DIRECTION ( 'NONE',  ( 0.000000000000000000, 1.000000000000000000, 0.000000000000000000 ) ) ;
#855 = EDGE_LOOP ( 'NONE', ( #1077, #1134, #251, #1541, #1553, #69 ) ) ;
#856 = VERTEX_POINT ( 'NONE', #558 ) ;
#857 = FACE_BOUND ( 'NONE', #1447, .T. ) ;
#858 = CARTESIAN_POINT ( 'NONE',  ( -86.00000000000000000, 4.000000000000019540, 0.000000000000000000 ) ) ;
#859 = CARTESIAN_POINT ( 'NONE',  ( -86.00000000000000000, 4.000000000000019540, 0.000000000000000000 ) ) ;
#860 = VECTOR ( 'NONE', #1102, 1000.000000000000000 ) ;
#861 = ORIENTED_EDGE ( 'NONE', *, *, #324, .F. ) ;
#862 = EDGE_CURVE ( 'NONE', #1451, #1000, #1365, .T. ) ;
#863 = CARTESIAN_POINT ( 'NONE',  ( -86.00000000000000000, 23.00000000000002842, 0.000000000000000000 ) ) ;
#864 = VECTOR ( 'NONE', #962, 1000.000000000000000 ) ;
#865 = VECTOR ( 'NONE', #535, 1000.000000000000000 ) ;
#866 = ORIENTED_EDGE ( 'NONE', *, *, #1227, .T. ) ;
#867 = DIRECTION ( 'NONE',  ( -0.000000000000000000, -1.000000000000000000, -0.000000000000000000 ) ) ;
#868 = AXIS2_PLACEMENT_3D ( 'NONE', #458, #326, #832 ) ;
#869 = CIRCLE ( 'NONE', #1329, 1.299999999999994715 ) ;
#870 = CARTESIAN_POINT ( 'NONE',  ( -79.00000000000000000, 1.908195823574487804E-14, 1.600000000000000089 ) ) ;
#871 = DIRECTION ( 'NONE',  ( 1.000000000000000000, 0.000000000000000000, 0.000000000000000000 ) ) ;
#872 = EDGE_CURVE ( 'NONE', #7, #1415, #590, .T. ) ;
#873 = ADVANCED_FACE ( 'NONE', ( #820, #1554 ), #84, .T. ) ;
#874 = ORIENTED_EDGE ( 'NONE', *, *, #408, .F. ) ;
#875 = EDGE_CURVE ( 'NONE', #1286, #826, #1436, .T. ) ;
#876 = ORIENTED_EDGE ( 'NONE', *, *, #419, .F. ) ;
#877 = LINE ( 'NONE', #1488, #864 ) ;
#878 = FACE_OUTER_BOUND ( 'NONE', #460, .T. ) ;
#879 = LINE ( 'NONE', #278, #515 ) ;
#880 = ORIENTED_EDGE ( 'NONE', *, *, #526, .F. ) ;
#881 = CARTESIAN_POINT ( 'NONE',  ( 71.10710678118654471, 5.807106781186546662, -1.600000000000000311 ) ) ;
#882 = CARTESIAN_POINT ( 'NONE',  ( 70.90000000000000568, 5.599999999999999645, 0.000000000000000000 ) ) ;
#883 = ADVANCED_FACE ( 'NONE', ( #686 ), #472, .T. ) ;
#884 = CARTESIAN_POINT ( 'NONE',  ( -86.00000000000000000, 4.000000000000019540, -1.600000000000000089 ) ) ;
#885 = MANIFOLD_SOLID_BREP ( 'Fillet1', #1122 ) ;
#886 = ORIENTED_EDGE ( 'NONE', *, *, #1484, .F. ) ;
#887 = DIRECTION ( 'NONE',  ( -1.000000000000000000, -0.000000000000000000, -0.000000000000000000 ) ) ;
#888 = CARTESIAN_POINT ( 'NONE',  ( 70.89999999999999147, 1.600000000000000089, -7.000000000000009770 ) ) ;
#889 = VECTOR ( 'NONE', #836, 1000.000000000000000 ) ;
#890 = CIRCLE ( 'NONE', #1251, 1.024999999999984368 ) ;
#891 = LINE ( 'NONE', #298, #265 ) ;
#892 = DIRECTION ( 'NONE',  ( 0.000000000000000000, 0.000000000000000000, -1.000000000000000000 ) ) ;
#893 = ORIENTED_EDGE ( 'NONE', *, *, #1218, .F. ) ;
#894 = DIRECTION ( 'NONE',  ( 1.000000000000000000, 0.000000000000000000, 0.000000000000000000 ) ) ;
#895 = DIRECTION ( 'NONE',  ( -1.982541115402062546E-15, 0.000000000000000000, -1.000000000000000000 ) ) ;
#896 = CARTESIAN_POINT ( 'NONE',  ( -56.90000000000000568, 1.600000000000000089, -4.509999999999999787 ) ) ;
#897 = VERTEX_POINT ( 'NONE', #1106 ) ;
#898 = DIRECTION ( 'NONE',  ( 0.000000000000000000, 1.000000000000000000, 0.000000000000000000 ) ) ;
#899 = ORIENTED_EDGE ( 'NONE', *, *, #250, .T. ) ;
#900 = DIRECTION ( 'NONE',  ( -0.000000000000000000, -0.000000000000000000, 1.000000000000000000 ) ) ;
#901 = CARTESIAN_POINT ( 'NONE',  ( 62.89999999999998437, 4.000000000000019540, -9.549795739751059033E-15 ) ) ;
#902 = CARTESIAN_POINT ( 'NONE',  ( 79.00000000000001421, 23.00000000000002132, 0.000000000000000000 ) ) ;
#903 = VERTEX_POINT ( 'NONE', #1527 ) ;
#904 = LINE ( 'NONE', #798, #694 ) ;
#905 = ADVANCED_FACE ( 'NONE', ( #960 ), #370, .F. ) ;
#906 = VERTEX_POINT ( 'NONE', #968 ) ;
#907 = DIRECTION ( 'NONE',  ( 1.000000000000000000, 0.000000000000000000, 0.000000000000000000 ) ) ;
#908 = VECTOR ( 'NONE', #895, 1000.000000000000000 ) ;
#909 = DIRECTION ( 'NONE',  ( -1.000000000000000000, 4.034240641806528514E-17, -0.000000000000000000 ) ) ;
#910 = VECTOR ( 'NONE', #1421, 1000.000000000000000 ) ;
#911 =( GEOMETRIC_REPRESENTATION_CONTEXT ( 3 ) GLOBAL_UNCERTAINTY_ASSIGNED_CONTEXT ( ( #501 ) ) GLOBAL_UNIT_ASSIGNED_CONTEXT ( ( #935, #117, #1191 ) ) REPRESENTATION_CONTEXT ( 'NONE', 'WORKASPACE' ) );
#912 = VERTEX_POINT ( 'NONE', #1325 ) ;
#913 = CIRCLE ( 'NONE', #237, 1.049999999999995381 ) ;
#914 = ADVANCED_FACE ( 'NONE', ( #1475 ), #1088, .T. ) ;
#915 = VECTOR ( 'NONE', #87, 1000.000000000000000 ) ;
#916 = EDGE_CURVE ( 'NONE', #1006, #984, #1216, .T. ) ;
#917 = FACE_OUTER_BOUND ( 'NONE', #963, .T. ) ;
#918 = EDGE_CURVE ( 'NONE', #777, #903, #913, .T. ) ;
#919 = EDGE_CURVE ( 'NONE', #920, #938, #608, .T. ) ;
#920 = VERTEX_POINT ( 'NONE', #119 ) ;
#921 = CARTESIAN_POINT ( 'NONE',  ( 70.90000000000000568, 5.599999999999999645, -2.099999999999999645 ) ) ;
#922 = ORIENTED_EDGE ( 'NONE', *, *, #1081, .F. ) ;
#923 = LINE ( 'NONE', #699, #915 ) ;
#924 = VERTEX_POINT ( 'NONE', #1225 ) ;
#925 = LINE ( 'NONE', #692, #39 ) ;
#926 = EDGE_CURVE ( 'NONE', #1006, #1470, #133, .T. ) ;
#927 = SHAPE_DEFINITION_REPRESENTATION ( #459, #519 ) ;
#928 = EDGE_LOOP ( 'NONE', ( #559, #1530, #394, #567 ) ) ;
#929 = CARTESIAN_POINT ( 'NONE',  ( -43.20000000000000284, 1.600000000000000089, -7.000000000000009770 ) ) ;
#930 = ORIENTED_EDGE ( 'NONE', *, *, #425, .T. ) ;
#931 = CARTESIAN_POINT ( 'NONE',  ( -52.40000000000000568, 4.000000000000019540, -1.600000000000000089 ) ) ;
#932 = EDGE_CURVE ( 'NONE', #1286, #1240, #601, .T. ) ;
#933 = ORIENTED_EDGE ( 'NONE', *, *, #1086, .T. ) ;
#934 = FACE_OUTER_BOUND ( 'NONE', #602, .T. ) ;
#935 =( LENGTH_UNIT ( ) NAMED_UNIT ( * ) SI_UNIT ( .MILLI., .METRE. ) );
#936 = VERTEX_POINT ( 'NONE', #230 ) ;
#937 = LINE ( 'NONE', #109, #627 ) ;
#938 = VERTEX_POINT ( 'NONE', #721 ) ;
#939 = DIRECTION ( 'NONE',  ( 1.982541115402062546E-15, 0.000000000000000000, 1.000000000000000000 ) ) ;
#940 = LINE ( 'NONE', #220, #411 ) ;
#941 = VECTOR ( 'NONE', #725, 1000.000000000000000 ) ;
#942 = CARTESIAN_POINT ( 'NONE',  ( -52.90000000000001279, 4.000000000000019540, 0.000000000000000000 ) ) ;
#943 = AXIS2_PLACEMENT_3D ( 'NONE', #1248, #1221, #42 ) ;
#944 = VECTOR ( 'NONE', #546, 1000.000000000000000 ) ;
#945 = ORIENTED_EDGE ( 'NONE', *, *, #711, .F. ) ;
#946 = LINE ( 'NONE', #193, #1469 ) ;
#947 = VERTEX_POINT ( 'NONE', #1205 ) ;
#948 = CARTESIAN_POINT ( 'NONE',  ( -25.69999999999999929, 0.000000000000000000, -1.600000000000000089 ) ) ;
#949 = DIRECTION ( 'NONE',  ( 1.000000000000000000, 0.000000000000000000, 0.000000000000000000 ) ) ;
#950 = PLANE ( 'NONE',  #1201 ) ;
#951 = EDGE_LOOP ( 'NONE', ( #1389, #555, #150, #93 ) ) ;
#952 = CARTESIAN_POINT ( 'NONE',  ( -86.00000000000000000, 4.000000000000019540, -1.600000000000000089 ) ) ;
#953 = ORIENTED_EDGE ( 'NONE', *, *, #75, .T. ) ;
#954 = PLANE ( 'NONE',  #263 ) ;
#955 =( BOUNDED_CURVE ( )  B_SPLINE_CURVE ( 3, ( #1565, #1301, #679, #1412 ),
 .UNSPECIFIED., .F., .F. ) 
 B_SPLINE_CURVE_WITH_KNOTS ( ( 4, 4 ),
 ( 0.000000000000000000, 1.570796326794896558 ),
 .UNSPECIFIED. ) 
 CURVE ( )  GEOMETRIC_REPRESENTATION_ITEM ( )  RATIONAL_B_SPLINE_CURVE ( ( 1.000000000000000000, 0.8047378541243649375, 0.8047378541243649375, 1.000000000000000000 ) ) 
 REPRESENTATION_ITEM ( '' )  );
#956 = LINE ( 'NONE', #1306, #1333 ) ;
#957 = DIRECTION ( 'NONE',  ( -0.000000000000000000, 0.000000000000000000, -1.000000000000000000 ) ) ;
#958 = APPLICATION_PROTOCOL_DEFINITION ( 'draft international standard', 'automotive_design', 1998, #1552 ) ;
#959 = VERTEX_POINT ( 'NONE', #243 ) ;
#960 = FACE_OUTER_BOUND ( 'NONE', #1268, .T. ) ;
#961 = VERTEX_POINT ( 'NONE', #2 ) ;
#962 = DIRECTION ( 'NONE',  ( -1.000000000000000000, 4.034240641806528514E-17, -0.000000000000000000 ) ) ;
#963 = EDGE_LOOP ( 'NONE', ( #1260, #1487, #453, #206 ) ) ;
#964 = CARTESIAN_POINT ( 'NONE',  ( -61.40000000000000568, 0.000000000000000000, -2.100000000000000089 ) ) ;
#965 = ADVANCED_FACE ( 'NONE', ( #481 ), #1544, .F. ) ;
#966 = VERTEX_POINT ( 'NONE', #116 ) ;
#967 = VECTOR ( 'NONE', #1346, 1000.000000000000000 ) ;
#968 = CARTESIAN_POINT ( 'NONE',  ( 70.90000000000000568, 5.599999999999999645, -2.099999999999999645 ) ) ;
#969 = ADVANCED_FACE ( 'NONE', ( #1198 ), #1334, .F. ) ;
#970 = VECTOR ( 'NONE', #1078, 1000.000000000000000 ) ;
#971 = ORIENTED_EDGE ( 'NONE', *, *, #250, .F. ) ;
#972 = CARTESIAN_POINT ( 'NONE',  ( 70.90000000000000568, 4.000000000000019540, -2.099999999999999645 ) ) ;
#973 = PLANE ( 'NONE',  #1064 ) ;
#974 = PLANE ( 'NONE',  #492 ) ;
#975 = EDGE_CURVE ( 'NONE', #1382, #912, #468, .T. ) ;
#976 = ORIENTED_EDGE ( 'NONE', *, *, #1441, .T. ) ;
#977 = ORIENTED_EDGE ( 'NONE', *, *, #1434, .F. ) ;
#978 = DIRECTION ( 'NONE',  ( 0.000000000000000000, 0.000000000000000000, 1.000000000000000000 ) ) ;
#979 = STYLED_ITEM ( 'NONE', ( #622 ), #885 ) ;
#980 = PRODUCT ( 'EtherWizMini_Backplate', 'EtherWizMini_Backplate', '', ( #1433 ) ) ;
#981 = CARTESIAN_POINT ( 'NONE',  ( -60.90000000000000568, 1.600000000000000089, 0.000000000000000000 ) ) ;
#982 = EDGE_CURVE ( 'NONE', #103, #920, #1066, .T. ) ;
#983 = CYLINDRICAL_SURFACE ( 'NONE', #412, 0.5000000000000000000 ) ;
#984 = VERTEX_POINT ( 'NONE', #445 ) ;
#985 = DIRECTION ( 'NONE',  ( 0.000000000000000000, 0.000000000000000000, -1.000000000000000000 ) ) ;
#986 = VERTEX_POINT ( 'NONE', #1569 ) ;
#987 = CARTESIAN_POINT ( 'NONE',  ( 0.000000000000000000, 0.000000000000000000, 1.600000000000000089 ) ) ;
#988 = EDGE_CURVE ( 'NONE', #604, #1382, #312, .T. ) ;
#989 = CARTESIAN_POINT ( 'NONE',  ( -79.00000000000000000, 25.60000000000000497, 1.600000000000000089 ) ) ;
#990 = DIRECTION ( 'NONE',  ( 0.000000000000000000, -1.000000000000000000, 0.000000000000000000 ) ) ;
#991 = EDGE_LOOP ( 'NONE', ( #142, #629, #125, #447 ) ) ;
#992 = CIRCLE ( 'NONE', #285, 1.024999999999984368 ) ;
#993 = ORIENTED_EDGE ( 'NONE', *, *, #75, .F. ) ;
#994 = DIRECTION ( 'NONE',  ( 1.000000000000000000, 0.000000000000000000, -0.000000000000000000 ) ) ;
#995 = AXIS2_PLACEMENT_3D ( 'NONE', #1431, #807, #949 ) ;
#996 = VECTOR ( 'NONE', #985, 1000.000000000000000 ) ;
#997 = AXIS2_PLACEMENT_3D ( 'NONE', #1092, #382, #734 ) ;
#998 = DIRECTION ( 'NONE',  ( -0.000000000000000000, -0.000000000000000000, 1.000000000000000000 ) ) ;
#999 = CARTESIAN_POINT ( 'NONE',  ( -25.69999999999999929, 15.60000000000000320, -1.600000000000000089 ) ) ;
#1000 = VERTEX_POINT ( 'NONE', #99 ) ;
#1001 = ADVANCED_FACE ( 'NONE', ( #809 ), #950, .T. ) ;
#1002 = ORIENTED_EDGE ( 'NONE', *, *, #705, .T. ) ;
#1003 = CARTESIAN_POINT ( 'NONE',  ( -56.90000000000000568, 5.599999999999999645, -4.509999999999999787 ) ) ;
#1004 = DIRECTION ( 'NONE',  ( 4.034240641806529130E-17, 1.000000000000000000, -0.000000000000000000 ) ) ;
#1005 = CARTESIAN_POINT ( 'NONE',  ( -79.00000000000000000, 23.00000000000002487, 0.000000000000000000 ) ) ;
#1006 = VERTEX_POINT ( 'NONE', #1298 ) ;
#1007 = LINE ( 'NONE', #156, #1096 ) ;
#1008 = LINE ( 'NONE', #664, #587 ) ;
#1009 = DIRECTION ( 'NONE',  ( 0.000000000000000000, -0.000000000000000000, 1.000000000000000000 ) ) ;
#1010 = CARTESIAN_POINT ( 'NONE',  ( -52.90000000000001279, 5.599999999999999645, -2.100000000000000089 ) ) ;
#1011 = ORIENTED_EDGE ( 'NONE', *, *, #359, .T. ) ;
#1012 = CARTESIAN_POINT ( 'NONE',  ( -79.00000000000000000, 1.908195823574487804E-14, 0.000000000000000000 ) ) ;
#1013 = CARTESIAN_POINT ( 'NONE',  ( -86.00000000000000000, 23.00000000000002842, 0.000000000000000000 ) ) ;
#1014 = VECTOR ( 'NONE', #128, 999.9999999999998863 ) ;
#1015 = VECTOR ( 'NONE', #273, 1000.000000000000000 ) ;
#1016 = FACE_OUTER_BOUND ( 'NONE', #1556, .T. ) ;
#1017 = LINE ( 'NONE', #179, #181 ) ;
#1018 = VERTEX_POINT ( 'NONE', #1450 ) ;
#1019 = LINE ( 'NONE', #537, #755 ) ;
#1020 = LINE ( 'NONE', #1280, #1408 ) ;
#1021 = CARTESIAN_POINT ( 'NONE',  ( -79.00000000000000000, 25.60000000000000497, 1.600000000000000089 ) ) ;
#1022 = EDGE_LOOP ( 'NONE', ( #134, #1178, #1534, #1461 ) ) ;
#1023 = AXIS2_PLACEMENT_3D ( 'NONE', #1497, #900, #773 ) ;
#1024 = EDGE_CURVE ( 'NONE', #183, #543, #1052, .T. ) ;
#1025 = LINE ( 'NONE', #1158, #865 ) ;
#1026 = ORIENTED_EDGE ( 'NONE', *, *, #539, .F. ) ;
#1027 = CARTESIAN_POINT ( 'NONE',  ( -43.20000000000000284, 15.60000000000000142, 1.600000000000000089 ) ) ;
#1028 = DIRECTION ( 'NONE',  ( 0.000000000000000000, 0.000000000000000000, -1.000000000000000000 ) ) ;
#1029 = EDGE_CURVE ( 'NONE', #1337, #897, #346, .T. ) ;
#1030 = EDGE_CURVE ( 'NONE', #1284, #317, #925, .T. ) ;
#1031 = DIRECTION ( 'NONE',  ( 0.000000000000000000, 0.000000000000000000, -1.000000000000000000 ) ) ;
#1032 = ORIENTED_EDGE ( 'NONE', *, *, #1491, .T. ) ;
#1033 = EDGE_CURVE ( 'NONE', #7, #258, #1563, .T. ) ;
#1034 = FACE_OUTER_BOUND ( 'NONE', #1245, .T. ) ;
#1035 = EDGE_CURVE ( 'NONE', #1337, #813, #562, .T. ) ;
#1036 = ORIENTED_EDGE ( 'NONE', *, *, #1081, .T. ) ;
#1037 = CARTESIAN_POINT ( 'NONE',  ( -86.00000000000000000, 4.000000000000019540, -1.600000000000000089 ) ) ;
#1038 = ORIENTED_EDGE ( 'NONE', *, *, #655, .F. ) ;
#1039 = DIRECTION ( 'NONE',  ( 0.000000000000000000, -0.000000000000000000, 1.000000000000000000 ) ) ;
#1040 = VECTOR ( 'NONE', #1531, 1000.000000000000000 ) ;
#1041 = VECTOR ( 'NONE', #1398, 1000.000000000000000 ) ;
#1042 = ORIENTED_EDGE ( 'NONE', *, *, #821, .F. ) ;
#1043 = VECTOR ( 'NONE', #1423, 1000.000000000000000 ) ;
#1044 = AXIS2_PLACEMENT_3D ( 'NONE', #586, #1058, #1181 ) ;
#1045 = LINE ( 'NONE', #942, #88 ) ;
#1046 = CARTESIAN_POINT ( 'NONE',  ( -43.20000000000000284, 15.60000000000000142, -1.599999999999999867 ) ) ;
#1047 = ORIENTED_EDGE ( 'NONE', *, *, #1033, .F. ) ;
#1048 = ADVANCED_FACE ( 'NONE', ( #200, #934 ), #80, .T. ) ;
#1049 = EDGE_LOOP ( 'NONE', ( #173, #1071, #1413, #1319 ) ) ;
#1050 = LINE ( 'NONE', #823, #1040 ) ;
#1051 = CARTESIAN_POINT ( 'NONE',  ( -60.90000000000000568, 5.599999999999999645, -7.000000000000000000 ) ) ;
#1052 = LINE ( 'NONE', #452, #790 ) ;
#1053 = VERTEX_POINT ( 'NONE', #572 ) ;
#1054 = CARTESIAN_POINT ( 'NONE',  ( -83.04999999999999716, 9.000000000000000000, 1.734723475976807883E-15 ) ) ;
#1055 = ORIENTED_EDGE ( 'NONE', *, *, #599, .F. ) ;
#1056 = DIRECTION ( 'NONE',  ( 1.000000000000000000, 0.000000000000000000, 0.000000000000000000 ) ) ;
#1057 = ORIENTED_EDGE ( 'NONE', *, *, #1131, .F. ) ;
#1058 = DIRECTION ( 'NONE',  ( -0.000000000000000000, 1.000000000000000000, -0.000000000000000000 ) ) ;
#1059 = CYLINDRICAL_SURFACE ( 'NONE', #1459, 0.5000000000000000000 ) ;
#1060 = ORIENTED_EDGE ( 'NONE', *, *, #1101, .F. ) ;
#1061 = CARTESIAN_POINT ( 'NONE',  ( -82.00000000000000000, 9.000000000000000000, 0.000000000000000000 ) ) ;
#1062 = ORIENTED_EDGE ( 'NONE', *, *, #584, .T. ) ;
#1063 = DIRECTION ( 'NONE',  ( 1.000000000000000000, 0.000000000000000000, 0.000000000000000000 ) ) ;
#1064 = AXIS2_PLACEMENT_3D ( 'NONE', #754, #513, #1465 ) ;
#1065 = DIRECTION ( 'NONE',  ( 1.000000000000000000, 0.000000000000000000, 0.000000000000000000 ) ) ;
#1066 = LINE ( 'NONE', #1164, #1460 ) ;
#1067 = AXIS2_PLACEMENT_3D ( 'NONE', #1165, #434, #81 ) ;
#1068 = PRODUCT_DEFINITION_CONTEXT ( 'detailed design', #609, 'design' ) ;
#1069 = AXIS2_PLACEMENT_3D ( 'NONE', #1432, #332, #1307 ) ;
#1070 = VECTOR ( 'NONE', #175, 1000.000000000000000 ) ;
#1071 = ORIENTED_EDGE ( 'NONE', *, *, #32, .F. ) ;
#1072 = LINE ( 'NONE', #811, #1183 ) ;
#1073 = VERTEX_POINT ( 'NONE', #1190 ) ;
#1074 = CARTESIAN_POINT ( 'NONE',  ( -86.00000000000000000, 4.000000000000019540, -1.600000000000000089 ) ) ;
#1075 = ORIENTED_EDGE ( 'NONE', *, *, #226, .T. ) ;
#1076 = CARTESIAN_POINT ( 'NONE',  ( -82.00000000000000000, 9.000000000000000000, 1.734723475976807883E-15 ) ) ;
#1077 = ORIENTED_EDGE ( 'NONE', *, *, #1138, .T. ) ;
#1078 = DIRECTION ( 'NONE',  ( -0.000000000000000000, -1.000000000000000000, -0.000000000000000000 ) ) ;
#1079 = ORIENTED_EDGE ( 'NONE', *, *, #44, .T. ) ;
#1080 = CARTESIAN_POINT ( 'NONE',  ( 86.00000000000000000, 23.00000000000002132, 0.000000000000000000 ) ) ;
#1081 = EDGE_CURVE ( 'NONE', #30, #520, #1045, .T. ) ;
#1082 = CYLINDRICAL_SURFACE ( 'NONE', #995, 1.024999999999984368 ) ;
#1083 = EDGE_CURVE ( 'NONE', #1087, #984, #493, .T. ) ;
#1084 = EDGE_CURVE ( 'NONE', #1308, #986, #182, .T. ) ;
#1085 = CARTESIAN_POINT ( 'NONE',  ( -43.20000000000000284, 0.000000000000000000, -1.600000000000000089 ) ) ;
#1086 = EDGE_CURVE ( 'NONE', #783, #906, #106, .T. ) ;
#1087 = VERTEX_POINT ( 'NONE', #227 ) ;
#1088 = PLANE ( 'NONE',  #1485 ) ;
#1089 = EDGE_CURVE ( 'NONE', #826, #543, #756, .T. ) ;
#1090 = EDGE_LOOP ( 'NONE', ( #1476, #680, #1539, #224, #1399, #1409 ) ) ;
#1091 = CARTESIAN_POINT ( 'NONE',  ( 80.97500000000002274, 9.000000000000000000, -1.600000000000004086 ) ) ;
#1092 = CARTESIAN_POINT ( 'NONE',  ( -82.00000000000000000, 9.000000000000000000, 1.734723475976807883E-15 ) ) ;
#1093 = EDGE_CURVE ( 'NONE', #58, #936, #1480, .T. ) ;
#1094 = CARTESIAN_POINT ( 'NONE',  ( -80.95000000000000284, 9.000000000000000000, 1.734723475976807883E-15 ) ) ;
#1095 = EDGE_LOOP ( 'NONE', ( #1327, #83, #976, #1161 ) ) ;
#1096 = VECTOR ( 'NONE', #416, 1000.000000000000000 ) ;
#1097 = VECTOR ( 'NONE', #257, 1000.000000000000000 ) ;
#1098 = DIRECTION ( 'NONE',  ( 1.000000000000000000, 0.000000000000000000, 0.000000000000000000 ) ) ;
#1099 = EDGE_LOOP ( 'NONE', ( #1, #1223, #1463, #1060 ) ) ;
#1100 = CYLINDRICAL_SURFACE ( 'NONE', #211, 1.300000000000001599 ) ;
#1101 = EDGE_CURVE ( 'NONE', #984, #936, #1458, .T. ) ;
#1102 = DIRECTION ( 'NONE',  ( -0.000000000000000000, -1.000000000000000000, -0.000000000000000000 ) ) ;
#1103 = LINE ( 'NONE', #859, #541 ) ;
#1104 = CARTESIAN_POINT ( 'NONE',  ( 71.39999999999999147, 4.000000000000019540, -1.600000000000000089 ) ) ;
#1105 = ORIENTED_EDGE ( 'NONE', *, *, #640, .F. ) ;
#1106 = CARTESIAN_POINT ( 'NONE',  ( -43.20000000000000284, 1.600000000000000089, 0.000000000000000000 ) ) ;
#1107 = VERTEX_POINT ( 'NONE', #999 ) ;
#1108 = AXIS2_PLACEMENT_3D ( 'NONE', #41, #289, #765 ) ;
#1109 = LINE ( 'NONE', #972, #234 ) ;
#1110 = FACE_BOUND ( 'NONE', #744, .T. ) ;
#1111 = FACE_OUTER_BOUND ( 'NONE', #333, .T. ) ;
#1112 = ORIENTED_EDGE ( 'NONE', *, *, #1131, .T. ) ;
#1113 = ORIENTED_EDGE ( 'NONE', *, *, #95, .F. ) ;
#1114 = DIRECTION ( 'NONE',  ( -0.000000000000000000, -0.000000000000000000, 1.000000000000000000 ) ) ;
#1115 = CARTESIAN_POINT ( 'NONE',  ( -83.04999999999999716, 9.000000000000000000, 1.734723475976807883E-15 ) ) ;
#1116 = DIRECTION ( 'NONE',  ( 1.982541115402062546E-15, 0.000000000000000000, 1.000000000000000000 ) ) ;
#1117 = ORIENTED_EDGE ( 'NONE', *, *, #705, .F. ) ;
#1118 = VECTOR ( 'NONE', #778, 999.9999999999998863 ) ;
#1119 = VECTOR ( 'NONE', #780, 1000.000000000000000 ) ;
#1120 = ORIENTED_EDGE ( 'NONE', *, *, #975, .F. ) ;
#1121 = PLANE ( 'NONE',  #1380 ) ;
#1122 = CLOSED_SHELL ( 'NONE', ( #803, #806, #149, #1224, #1369, #1533, #476, #470, #307, #1492, #129, #491, #144, #1368, #883, #873, #396, #1133, #1316, #534, #1387, #79, #914, #479, #1255, #1440, #592, #137, #594, #1503, #242, #1048, #199, #259, #1001, #21, #377, #700, #969, #1144, #965, #638, #905, #253, #77, #1422, #1204, #368, #1538 ) ) ;
#1123 = VECTOR ( 'NONE', #358, 1000.000000000000000 ) ;
#1124 = AXIS2_PLACEMENT_3D ( 'NONE', #707, #1063, #1188 ) ;
#1125 = FACE_OUTER_BOUND ( 'NONE', #260, .T. ) ;
#1126 = CARTESIAN_POINT ( 'NONE',  ( 80.95000000000000284, 9.000000000000000000, 1.734723475976807883E-15 ) ) ;
#1127 = ORIENTED_EDGE ( 'NONE', *, *, #354, .T. ) ;
#1128 = LINE ( 'NONE', #185, #564 ) ;
#1129 = DIRECTION ( 'NONE',  ( -1.000000000000000000, 4.034240641806529130E-17, 0.000000000000000000 ) ) ;
#1130 = CARTESIAN_POINT ( 'NONE',  ( 82.00000000000000000, 9.000000000000000000, -1.600000000000004086 ) ) ;
#1131 = EDGE_CURVE ( 'NONE', #1417, #1006, #391, .T. ) ;
#1132 = PLANE ( 'NONE',  #1381 ) ;
#1133 = ADVANCED_FACE ( 'NONE', ( #367 ), #1341, .F. ) ;
#1134 = ORIENTED_EDGE ( 'NONE', *, *, #355, .T. ) ;
#1135 = DIRECTION ( 'NONE',  ( -0.000000000000000000, -0.000000000000000000, 1.000000000000000000 ) ) ;
#1136 = CYLINDRICAL_SURFACE ( 'NONE', #1282, 0.5000000000000000000 ) ;
#1137 = DIRECTION ( 'NONE',  ( -0.000000000000000000, 1.000000000000000000, -0.000000000000000000 ) ) ;
#1138 = EDGE_CURVE ( 'NONE', #938, #126, #507, .T. ) ;
#1139 = CARTESIAN_POINT ( 'NONE',  ( -86.00000000000000000, 23.00000000000002842, 0.000000000000000000 ) ) ;
#1140 = ORIENTED_EDGE ( 'NONE', *, *, #14, .F. ) ;
#1141 = CARTESIAN_POINT ( 'NONE',  ( 83.04999999999999716, 9.000000000000000000, 1.734723475976807883E-15 ) ) ;
#1142 = VECTOR ( 'NONE', #887, 1000.000000000000000 ) ;
#1143 = DIRECTION ( 'NONE',  ( -0.000000000000000000, 0.000000000000000000, 1.000000000000000000 ) ) ;
#1144 = ADVANCED_FACE ( 'NONE', ( #735 ), #974, .F. ) ;
#1145 = VECTOR ( 'NONE', #633, 1000.000000000000000 ) ;
#1146 = LINE ( 'NONE', #1021, #667 ) ;
#1147 = ORIENTED_EDGE ( 'NONE', *, *, #44, .F. ) ;
#1148 = PRODUCT_DEFINITION_FORMATION_WITH_SPECIFIED_SOURCE ( 'ANY', '', #980, .NOT_KNOWN. ) ;
#1149 = DIRECTION ( 'NONE',  ( -1.000000000000000000, 4.034240641806528514E-17, -0.000000000000000000 ) ) ;
#1150 = EDGE_CURVE ( 'NONE', #1415, #17, #240, .T. ) ;
#1151 = ORIENTED_EDGE ( 'NONE', *, *, #758, .T. ) ;
#1152 = DIRECTION ( 'NONE',  ( -1.000000000000000000, -9.912705577010325549E-17, 0.000000000000000000 ) ) ;
#1153 = EDGE_CURVE ( 'NONE', #1417, #736, #1230, .T. ) ;
#1154 = LINE ( 'NONE', #104, #723 ) ;
#1155 = DIRECTION ( 'NONE',  ( -0.000000000000000000, -1.000000000000000000, -0.000000000000000000 ) ) ;
#1156 = ORIENTED_EDGE ( 'NONE', *, *, #875, .F. ) ;
#1157 = AXIS2_PLACEMENT_3D ( 'NONE', #1177, #334, #217 ) ;
#1158 = CARTESIAN_POINT ( 'NONE',  ( -0.000000000000000000, 6.099999999999999645, -1.600000000000000089 ) ) ;
#1159 = ORIENTED_EDGE ( 'NONE', *, *, #1322, .T. ) ;
#1160 = CARTESIAN_POINT ( 'NONE',  ( -86.00000000000000000, 4.000000000000019540, 0.000000000000000000 ) ) ;
#1161 = ORIENTED_EDGE ( 'NONE', *, *, #1214, .F. ) ;
#1162 = PLANE ( 'NONE',  #266 ) ;
#1163 = EDGE_LOOP ( 'NONE', ( #1055, #473, #357, #582 ) ) ;
#1164 = CARTESIAN_POINT ( 'NONE',  ( -79.00000000000000000, 1.908195823574487804E-14, 1.600000000000000089 ) ) ;
#1165 = CARTESIAN_POINT ( 'NONE',  ( 0.000000000000000000, 0.000000000000000000, 0.000000000000000000 ) ) ;
#1166 = EDGE_CURVE ( 'NONE', #1526, #676, #1244, .T. ) ;
#1167 = EDGE_LOOP ( 'NONE', ( #922, #621, #1342, #1272, #893 ) ) ;
#1168 = DIRECTION ( 'NONE',  ( 0.000000000000000000, -0.000000000000000000, -1.000000000000000000 ) ) ;
#1169 = EDGE_LOOP ( 'NONE', ( #385, #118, #1518, #232 ) ) ;
#1170 = DIRECTION ( 'NONE',  ( -1.000000000000000000, 2.195852501236464669E-17, -0.000000000000000000 ) ) ;
#1171 = AXIS2_PLACEMENT_3D ( 'NONE', #657, #1135, #907 ) ;
#1172 = AXIS2_PLACEMENT_3D ( 'NONE', #189, #1155, #1031 ) ;
#1173 = EDGE_LOOP ( 'NONE', ( #1543, #706, #668, #1026 ) ) ;
#1174 = VECTOR ( 'NONE', #816, 1000.000000000000000 ) ;
#1175 = DIRECTION ( 'NONE',  ( -0.000000000000000000, -0.000000000000000000, -1.000000000000000000 ) ) ;
#1176 = ORIENTED_EDGE ( 'NONE', *, *, #1340, .T. ) ;
#1177 = CARTESIAN_POINT ( 'NONE',  ( -82.00000000000000000, 9.000000000000000000, 1.734723475976807883E-15 ) ) ;
#1178 = ORIENTED_EDGE ( 'NONE', *, *, #689, .F. ) ;
#1179 = DIRECTION ( 'NONE',  ( 0.000000000000000000, -1.000000000000000000, 0.000000000000000000 ) ) ;
#1180 = LINE ( 'NONE', #690, #437 ) ;
#1181 = DIRECTION ( 'NONE',  ( 0.000000000000000000, 0.000000000000000000, -1.000000000000000000 ) ) ;
#1182 = FACE_OUTER_BOUND ( 'NONE', #1049, .T. ) ;
#1183 = VECTOR ( 'NONE', #454, 1000.000000000000000 ) ;
#1184 = MECHANICAL_DESIGN_GEOMETRIC_PRESENTATION_REPRESENTATION (  '', ( #979 ), #1384 ) ;
#1185 = EDGE_LOOP ( 'NONE', ( #1151, #294, #760, #886 ) ) ;
#1186 = DIRECTION ( 'NONE',  ( -0.000000000000000000, -0.000000000000000000, 1.000000000000000000 ) ) ;
#1187 = ORIENTED_EDGE ( 'NONE', *, *, #770, .T. ) ;
#1188 = DIRECTION ( 'NONE',  ( 0.000000000000000000, 0.000000000000000000, -1.000000000000000000 ) ) ;
#1189 = LINE ( 'NONE', #451, #162 ) ;
#1190 = CARTESIAN_POINT ( 'NONE',  ( 62.89999999999998437, 1.600000000000000089, -9.549795739751059033E-15 ) ) ;
#1191 =( NAMED_UNIT ( * ) SI_UNIT ( $, .STERADIAN. ) SOLID_ANGLE_UNIT ( ) );
#1192 = ORIENTED_EDGE ( 'NONE', *, *, #301, .T. ) ;
#1193 = CARTESIAN_POINT ( 'NONE',  ( -82.00000000000000000, 9.000000000000000000, -0.02499999999999724665 ) ) ;
#1194 = ORIENTED_EDGE ( 'NONE', *, *, #441, .T. ) ;
#1195 = DIRECTION ( 'NONE',  ( -0.000000000000000000, -0.000000000000000000, 1.000000000000000000 ) ) ;
#1196 = EDGE_CURVE ( 'NONE', #1526, #813, #153, .T. ) ;
#1197 = PLANE ( 'NONE',  #1304 ) ;
#1198 = FACE_OUTER_BOUND ( 'NONE', #1169, .T. ) ;
#1199 = AXIS2_PLACEMENT_3D ( 'NONE', #776, #318, #1378 ) ;
#1200 = DIRECTION ( 'NONE',  ( 0.000000000000000000, 0.000000000000000000, 1.000000000000000000 ) ) ;
#1201 = AXIS2_PLACEMENT_3D ( 'NONE', #478, #838, #957 ) ;
#1202 = VECTOR ( 'NONE', #532, 1000.000000000000000 ) ;
#1203 = ORIENTED_EDGE ( 'NONE', *, *, #918, .T. ) ;
#1204 = ADVANCED_FACE ( 'NONE', ( #37 ), #983, .F. ) ;
#1205 = CARTESIAN_POINT ( 'NONE',  ( -60.90000000000000568, 1.600000000000000089, -7.000000000000000000 ) ) ;
#1206 = EDGE_CURVE ( 'NONE', #924, #1568, #130, .T. ) ;
#1207 = EDGE_CURVE ( 'NONE', #439, #509, #605, .T. ) ;
#1208 = ORIENTED_EDGE ( 'NONE', *, *, #1370, .F. ) ;
#1209 = EDGE_CURVE ( 'NONE', #1415, #783, #1213, .T. ) ;
#1210 = FACE_OUTER_BOUND ( 'NONE', #1358, .T. ) ;
#1211 = EDGE_CURVE ( 'NONE', #1107, #1293, #1473, .T. ) ;
#1212 = FACE_OUTER_BOUND ( 'NONE', #928, .T. ) ;
#1213 = LINE ( 'NONE', #6, #841 ) ;
#1214 = EDGE_CURVE ( 'NONE', #1451, #489, #613, .T. ) ;
#1215 = ORIENTED_EDGE ( 'NONE', *, *, #712, .T. ) ;
#1216 = LINE ( 'NONE', #141, #996 ) ;
#1217 = AXIS2_PLACEMENT_3D ( 'NONE', #952, #1446, #1168 ) ;
#1218 = EDGE_CURVE ( 'NONE', #520, #1337, #1103, .T. ) ;
#1219 = VERTEX_POINT ( 'NONE', #626 ) ;
#1220 = CARTESIAN_POINT ( 'NONE',  ( 0.000000000000000000, 1.600000000000000089, 0.000000000000000000 ) ) ;
#1221 = DIRECTION ( 'NONE',  ( -2.195852501236464669E-17, -1.000000000000000000, 0.000000000000000000 ) ) ;
#1222 = DIRECTION ( 'NONE',  ( -1.000000000000000000, 0.000000000000000000, 1.982541115402062546E-15 ) ) ;
#1223 = ORIENTED_EDGE ( 'NONE', *, *, #1374, .F. ) ;
#1224 = ADVANCED_FACE ( 'NONE', ( #1111 ), #28, .F. ) ;
#1225 = CARTESIAN_POINT ( 'NONE',  ( 70.90000000000000568, 4.000000000000019540, 0.000000000000000000 ) ) ;
#1226 = EDGE_LOOP ( 'NONE', ( #634, #380, #1468, #45 ) ) ;
#1227 = EDGE_CURVE ( 'NONE', #192, #1451, #645, .T. ) ;
#1228 = PLANE ( 'NONE',  #666 ) ;
#1229 = DIRECTION ( 'NONE',  ( -0.000000000000000000, 0.000000000000000000, 1.000000000000000000 ) ) ;
#1230 = LINE ( 'NONE', #1490, #57 ) ;
#1231 = ORIENTED_EDGE ( 'NONE', *, *, #758, .F. ) ;
#1232 = VECTOR ( 'NONE', #157, 1000.000000000000000 ) ;
#1233 = AXIS2_PLACEMENT_3D ( 'NONE', #1467, #854, #1355 ) ;
#1234 = ORIENTED_EDGE ( 'NONE', *, *, #1419, .T. ) ;
#1235 = DIRECTION ( 'NONE',  ( 1.000000000000000000, 0.000000000000000000, -0.000000000000000000 ) ) ;
#1236 = DIRECTION ( 'NONE',  ( 0.000000000000000000, 1.000000000000000000, 0.000000000000000000 ) ) ;
#1237 = DIRECTION ( 'NONE',  ( -0.000000000000000000, 1.000000000000000000, -0.000000000000000000 ) ) ;
#1238 = CYLINDRICAL_SURFACE ( 'NONE', #1199, 1.299999999999994715 ) ;
#1239 = ORIENTED_EDGE ( 'NONE', *, *, #148, .T. ) ;
#1240 = VERTEX_POINT ( 'NONE', #1005 ) ;
#1241 = VECTOR ( 'NONE', #551, 1000.000000000000000 ) ;
#1242 = CARTESIAN_POINT ( 'NONE',  ( -82.00000000000000000, 9.000000000000000000, -1.600000000000004086 ) ) ;
#1243 = FACE_OUTER_BOUND ( 'NONE', #1335, .T. ) ;
#1244 = LINE ( 'NONE', #123, #1097 ) ;
#1245 = EDGE_LOOP ( 'NONE', ( #1156, #1474, #496, #241 ) ) ;
#1246 = EDGE_LOOP ( 'NONE', ( #1520, #1425, #347, #1314, #797, #1405 ) ) ;
#1247 = LINE ( 'NONE', #1403, #344 ) ;
#1248 = CARTESIAN_POINT ( 'NONE',  ( -79.00000000000000000, 25.60000000000000497, 1.600000000000000089 ) ) ;
#1249 = DIRECTION ( 'NONE',  ( -0.000000000000000000, -0.000000000000000000, 1.000000000000000000 ) ) ;
#1250 = AXIS2_PLACEMENT_3D ( 'NONE', #281, #1383, #422 ) ;
#1251 = AXIS2_PLACEMENT_3D ( 'NONE', #763, #1517, #426 ) ;
#1252 = ORIENTED_EDGE ( 'NONE', *, *, #160, .T. ) ;
#1253 = DIRECTION ( 'NONE',  ( -9.912705577010325549E-17, 1.000000000000000000, 0.000000000000000000 ) ) ;
#1254 = AXIS2_PLACEMENT_3D ( 'NONE', #615, #1098, #23 ) ;
#1255 = ADVANCED_FACE ( 'NONE', ( #768 ), #1258, .F. ) ;
#1256 = CARTESIAN_POINT ( 'NONE',  ( -25.69999999999999929, 4.000000000000019540, -1.600000000000000089 ) ) ;
#1257 = EDGE_CURVE ( 'NONE', #400, #299, #533, .T. ) ;
#1258 = PLANE ( 'NONE',  #363 ) ;
#1259 = DIRECTION ( 'NONE',  ( 0.000000000000000000, -1.000000000000000000, 0.000000000000000000 ) ) ;
#1260 = ORIENTED_EDGE ( 'NONE', *, *, #1379, .T. ) ;
#1261 = CARTESIAN_POINT ( 'NONE',  ( -43.20000000000000284, 15.60000000000000142, 1.600000000000000089 ) ) ;
#1262 = EDGE_CURVE ( 'NONE', #986, #1308, #1559, .T. ) ;
#1263 = PRESENTATION_LAYER_ASSIGNMENT (  '', '', ( #979 ) ) ;
#1264 = LINE ( 'NONE', #52, #518 ) ;
#1265 = PLANE ( 'NONE',  #1278 ) ;
#1266 = CARTESIAN_POINT ( 'NONE',  ( 62.89999999999998437, 1.600000000000000089, -9.549795739751059033E-15 ) ) ;
#1267 = EDGE_CURVE ( 'NONE', #1073, #1568, #1523, .T. ) ;
#1268 = EDGE_LOOP ( 'NONE', ( #195, #1127, #1302, #480, #267, #218 ) ) ;
#1269 = LINE ( 'NONE', #1261, #159 ) ;
#1270 = CARTESIAN_POINT ( 'NONE',  ( -52.90000000000001279, 5.599999999999999645, 0.000000000000000000 ) ) ;
#1271 = CARTESIAN_POINT ( 'NONE',  ( -25.69999999999999929, 15.60000000000000320, 1.600000000000000089 ) ) ;
#1272 = ORIENTED_EDGE ( 'NONE', *, *, #1035, .F. ) ;
#1273 = DIRECTION ( 'NONE',  ( 1.000000000000000000, -0.000000000000000000, -0.000000000000000000 ) ) ;
#1274 = VECTOR ( 'NONE', #631, 1000.000000000000000 ) ;
#1275 = ORIENTED_EDGE ( 'NONE', *, *, #355, .F. ) ;
#1276 = FACE_OUTER_BOUND ( 'NONE', #580, .T. ) ;
#1277 = VECTOR ( 'NONE', #939, 1000.000000000000000 ) ;
#1278 = AXIS2_PLACEMENT_3D ( 'NONE', #884, #171, #540 ) ;
#1279 = EDGE_LOOP ( 'NONE', ( #1324, #1402, #1117, #8 ) ) ;
#1280 = CARTESIAN_POINT ( 'NONE',  ( -86.00000000000000000, 23.00000000000002842, -1.600000000000000089 ) ) ;
#1281 = VECTOR ( 'NONE', #375, 1000.000000000000000 ) ;
#1282 = AXIS2_PLACEMENT_3D ( 'NONE', #417, #67, #1028 ) ;
#1283 = DIRECTION ( 'NONE',  ( 1.000000000000000000, 0.000000000000000000, 0.000000000000000000 ) ) ;
#1284 = VERTEX_POINT ( 'NONE', #554 ) ;
#1285 = LINE ( 'NONE', #677, #463 ) ;
#1286 = VERTEX_POINT ( 'NONE', #902 ) ;
#1287 = FACE_OUTER_BOUND ( 'NONE', #1163, .T. ) ;
#1288 = ORIENTED_EDGE ( 'NONE', *, *, #296, .T. ) ;
#1289 = CARTESIAN_POINT ( 'NONE',  ( 0.000000000000000000, 0.000000000000000000, 0.000000000000000000 ) ) ;
#1290 = VERTEX_POINT ( 'NONE', #176 ) ;
#1291 = PLANE ( 'NONE',  #1067 ) ;
#1292 = EDGE_CURVE ( 'NONE', #1219, #588, #992, .T. ) ;
#1293 = VERTEX_POINT ( 'NONE', #1271 ) ;
#1294 = DIRECTION ( 'NONE',  ( 1.000000000000000000, 0.000000000000000000, 0.000000000000000000 ) ) ;
#1295 = ORIENTED_EDGE ( 'NONE', *, *, #36, .T. ) ;
#1296 = LINE ( 'NONE', #97, #1277 ) ;
#1297 = CARTESIAN_POINT ( 'NONE',  ( -60.90000000000000568, 6.099999999999999645, -1.600000000000000089 ) ) ;
#1298 = CARTESIAN_POINT ( 'NONE',  ( -60.90000000000000568, 4.000000000000019540, 0.000000000000000000 ) ) ;
#1299 = CARTESIAN_POINT ( 'NONE',  ( -52.40000000000000568, 0.000000000000000000, -2.100000000000000089 ) ) ;
#1300 = ORIENTED_EDGE ( 'NONE', *, *, #296, .F. ) ;
#1301 = CARTESIAN_POINT ( 'NONE',  ( -60.90000000000000568, 5.599999999999999645, -1.807106781186547551 ) ) ;
#1302 = ORIENTED_EDGE ( 'NONE', *, *, #1211, .F. ) ;
#1303 = FACE_OUTER_BOUND ( 'NONE', #198, .T. ) ;
#1304 = AXIS2_PLACEMENT_3D ( 'NONE', #114, #1449, #625 ) ;
#1305 = VECTOR ( 'NONE', #486, 1000.000000000000000 ) ;
#1306 = CARTESIAN_POINT ( 'NONE',  ( 62.89999999999998437, 4.000000000000019540, -9.549795739751059033E-15 ) ) ;
#1307 = DIRECTION ( 'NONE',  ( 0.000000000000000000, 0.000000000000000000, 1.000000000000000000 ) ) ;
#1308 = VERTEX_POINT ( 'NONE', #292 ) ;
#1309 = DIRECTION ( 'NONE',  ( 0.000000000000000000, 1.000000000000000000, 0.000000000000000000 ) ) ;
#1310 = ORIENTED_EDGE ( 'NONE', *, *, #599, .T. ) ;
#1311 = FACE_OUTER_BOUND ( 'NONE', #147, .T. ) ;
#1312 = CYLINDRICAL_SURFACE ( 'NONE', #1506, 0.5000000000000000000 ) ;
#1313 = DIRECTION ( 'NONE',  ( 0.000000000000000000, 1.000000000000000000, -0.000000000000000000 ) ) ;
#1314 = ORIENTED_EDGE ( 'NONE', *, *, #528, .T. ) ;
#1315 = CARTESIAN_POINT ( 'NONE',  ( 79.00000000000000000, 25.60000000000000142, 0.000000000000000000 ) ) ;
#1316 = ADVANCED_FACE ( 'NONE', ( #410 ), #283, .F. ) ;
#1317 = ORIENTED_EDGE ( 'NONE', *, *, #1323, .F. ) ;
#1318 = DIRECTION ( 'NONE',  ( 0.000000000000000000, -1.000000000000000000, 0.000000000000000000 ) ) ;
#1319 = ORIENTED_EDGE ( 'NONE', *, *, #1207, .F. ) ;
#1320 = DIRECTION ( 'NONE',  ( 1.000000000000000000, -0.000000000000000000, 0.000000000000000000 ) ) ;
#1321 = DIRECTION ( 'NONE',  ( 0.000000000000000000, -1.000000000000000000, 0.000000000000000000 ) ) ;
#1322 = EDGE_CURVE ( 'NONE', #687, #576, #665, .T. ) ;
#1323 = EDGE_CURVE ( 'NONE', #183, #103, #1146, .T. ) ;
#1324 = ORIENTED_EDGE ( 'NONE', *, *, #424, .T. ) ;
#1325 = CARTESIAN_POINT ( 'NONE',  ( 71.40000000000000568, 6.099999999999999645, -1.600000000000000089 ) ) ;
#1326 = EDGE_CURVE ( 'NONE', #588, #1219, #890, .T. ) ;
#1327 = ORIENTED_EDGE ( 'NONE', *, *, #131, .F. ) ;
#1328 = CARTESIAN_POINT ( 'NONE',  ( 83.02499999999999147, 9.000000000000000000, -0.02499999999999724665 ) ) ;
#1329 = AXIS2_PLACEMENT_3D ( 'NONE', #197, #681, #538 ) ;
#1330 = ORIENTED_EDGE ( 'NONE', *, *, #1455, .T. ) ;
#1331 = CARTESIAN_POINT ( 'NONE',  ( -86.00000000000000000, 4.000000000000019540, 0.000000000000000000 ) ) ;
#1332 = VECTOR ( 'NONE', #413, 1000.000000000000000 ) ;
#1333 = VECTOR ( 'NONE', #571, 1000.000000000000000 ) ;
#1334 = CONICAL_SURFACE ( 'NONE', #1532, 1.049999999999995381, 0.7853981633976910848 ) ;
#1335 = EDGE_LOOP ( 'NONE', ( #1300, #1234, #387, #636 ) ) ;
#1336 = DIRECTION ( 'NONE',  ( 1.000000000000000000, 0.000000000000000000, 0.000000000000000000 ) ) ;
#1337 = VERTEX_POINT ( 'NONE', #786 ) ;
#1338 = CARTESIAN_POINT ( 'NONE',  ( 86.00000000000000000, 4.000000000000019540, -1.600000000000000089 ) ) ;
#1339 = DIRECTION ( 'NONE',  ( 1.000000000000000000, 0.000000000000000000, 0.000000000000000000 ) ) ;
#1340 = EDGE_CURVE ( 'NONE', #947, #1470, #891, .T. ) ;
#1341 = PLANE ( 'NONE',  #1407 ) ;
#1342 = ORIENTED_EDGE ( 'NONE', *, *, #419, .T. ) ;
#1343 = ORIENTED_EDGE ( 'NONE', *, *, #1494, .T. ) ;
#1344 = CARTESIAN_POINT ( 'NONE',  ( -43.20000000000000284, 1.600000000000000089, 1.600000000000000089 ) ) ;
#1345 = CARTESIAN_POINT ( 'NONE',  ( 80.97500000000002274, 9.000000000000000000, 0.000000000000000000 ) ) ;
#1346 = DIRECTION ( 'NONE',  ( -0.000000000000000000, -1.000000000000000000, -0.000000000000000000 ) ) ;
#1347 = ORIENTED_EDGE ( 'NONE', *, *, #529, .F. ) ;
#1348 = DIRECTION ( 'NONE',  ( 0.000000000000000000, -1.000000000000000000, 0.000000000000000000 ) ) ;
#1349 = ORIENTED_EDGE ( 'NONE', *, *, #1549, .F. ) ;
#1350 = LINE ( 'NONE', #1344, #514 ) ;
#1351 = LINE ( 'NONE', #1345, #35 ) ;
#1352 = AXIS2_PLACEMENT_3D ( 'NONE', #219, #596, #1039 ) ;
#1353 = DIRECTION ( 'NONE',  ( 1.000000000000000000, 0.000000000000000000, 0.000000000000000000 ) ) ;
#1354 = VECTOR ( 'NONE', #246, 1000.000000000000000 ) ;
#1355 = DIRECTION ( 'NONE',  ( 0.000000000000000000, 0.000000000000000000, 1.000000000000000000 ) ) ;
#1356 = ORIENTED_EDGE ( 'NONE', *, *, #727, .F. ) ;
#1357 = AXIS2_PLACEMENT_3D ( 'NONE', #446, #191, #556 ) ;
#1358 = EDGE_LOOP ( 'NONE', ( #345, #71, #614, #1372, #1176, #371 ) ) ;
#1359 = DIRECTION ( 'NONE',  ( 1.000000000000000000, 0.000000000000000000, -0.000000000000000000 ) ) ;
#1360 = CARTESIAN_POINT ( 'NONE',  ( -56.90000000000000568, 5.599999999999999645, -5.810000000000001386 ) ) ;
#1361 = DIRECTION ( 'NONE',  ( -5.421010862427522170E-16, 1.000000000000000000, -0.000000000000000000 ) ) ;
#1362 = ORIENTED_EDGE ( 'NONE', *, *, #818, .F. ) ;
#1363 = ORIENTED_EDGE ( 'NONE', *, *, #290, .F. ) ;
#1364 = DIRECTION ( 'NONE',  ( 1.000000000000000000, -0.000000000000000000, 0.000000000000000000 ) ) ;
#1365 = CIRCLE ( 'NONE', #196, 1.024999999999984368 ) ;
#1366 = CARTESIAN_POINT ( 'NONE',  ( -60.90000000000000568, 5.599999999999999645, -7.000000000000000000 ) ) ;
#1367 = CARTESIAN_POINT ( 'NONE',  ( 66.90000000000000568, 5.599999999999999645, -5.809999999999995168 ) ) ;
#1368 = ADVANCED_FACE ( 'NONE', ( #775 ), #1265, .T. ) ;
#1369 = ADVANCED_FACE ( 'NONE', ( #1016 ), #1377, .F. ) ;
#1370 = EDGE_CURVE ( 'NONE', #1219, #395, #879, .T. ) ;
#1371 = EDGE_CURVE ( 'NONE', #163, #777, #158, .T. ) ;
#1372 = ORIENTED_EDGE ( 'NONE', *, *, #95, .T. ) ;
#1373 = CARTESIAN_POINT ( 'NONE',  ( 70.90000000000000568, 5.599999999999999645, -1.807106781186547551 ) ) ;
#1374 = EDGE_CURVE ( 'NONE', #471, #1087, #525, .T. ) ;
#1375 = DIRECTION ( 'NONE',  ( 0.000000000000000000, 0.000000000000000000, 1.000000000000000000 ) ) ;
#1376 = PRODUCT_RELATED_PRODUCT_CATEGORY ( 'part', '', ( #980 ) ) ;
#1377 = CYLINDRICAL_SURFACE ( 'NONE', #1172, 1.299999999999994715 ) ;
#1378 = DIRECTION ( 'NONE',  ( 0.000000000000000000, 0.000000000000000000, -1.000000000000000000 ) ) ;
#1379 = EDGE_CURVE ( 'NONE', #275, #966, #1529, .T. ) ;
#1380 = AXIS2_PLACEMENT_3D ( 'NONE', #59, #1253, #1152 ) ;
#1381 = AXIS2_PLACEMENT_3D ( 'NONE', #684, #1394, #1388 ) ;
#1382 = VERTEX_POINT ( 'NONE', #1104 ) ;
#1383 = DIRECTION ( 'NONE',  ( 0.000000000000000000, 1.000000000000000000, 0.000000000000000000 ) ) ;
#1384 =( GEOMETRIC_REPRESENTATION_CONTEXT ( 3 ) GLOBAL_UNCERTAINTY_ASSIGNED_CONTEXT ( ( #107 ) ) GLOBAL_UNIT_ASSIGNED_CONTEXT ( ( #1452, #488, #848 ) ) REPRESENTATION_CONTEXT ( 'NONE', 'WORKASPACE' ) );
#1385 = FACE_OUTER_BOUND ( 'NONE', #1090, .T. ) ;
#1386 = DIRECTION ( 'NONE',  ( -0.000000000000000000, -0.000000000000000000, 1.000000000000000000 ) ) ;
#1387 = ADVANCED_FACE ( 'NONE', ( #384 ), #1238, .F. ) ;
#1388 = DIRECTION ( 'NONE',  ( -1.000000000000000000, 1.207718875680055475E-16, 0.000000000000000000 ) ) ;
#1389 = ORIENTED_EDGE ( 'NONE', *, *, #1495, .F. ) ;
#1390 = DIRECTION ( 'NONE',  ( 0.000000000000000000, 0.000000000000000000, -1.000000000000000000 ) ) ;
#1391 = LINE ( 'NONE', #187, #719 ) ;
#1392 = DIRECTION ( 'NONE',  ( -0.000000000000000000, -0.000000000000000000, 1.000000000000000000 ) ) ;
#1393 = ORIENTED_EDGE ( 'NONE', *, *, #76, .T. ) ;
#1394 = DIRECTION ( 'NONE',  ( 1.207718875680055475E-16, 1.000000000000000000, -0.000000000000000000 ) ) ;
#1395 = ORIENTED_EDGE ( 'NONE', *, *, #1153, .T. ) ;
#1396 = DIRECTION ( 'NONE',  ( -0.000000000000000000, 1.000000000000000000, -0.000000000000000000 ) ) ;
#1397 = LINE ( 'NONE', #1013, #178 ) ;
#1398 = DIRECTION ( 'NONE',  ( -0.000000000000000000, -0.000000000000000000, 1.000000000000000000 ) ) ;
#1399 = ORIENTED_EDGE ( 'NONE', *, *, #1419, .F. ) ;
#1400 = FACE_BOUND ( 'NONE', #1566, .T. ) ;
#1401 = CIRCLE ( 'NONE', #670, 1.024999999999984368 ) ;
#1402 = ORIENTED_EDGE ( 'NONE', *, *, #27, .F. ) ;
#1403 = CARTESIAN_POINT ( 'NONE',  ( 62.39999999999998437, 4.000000000000019540, -1.600000000000000089 ) ) ;
#1404 = VECTOR ( 'NONE', #1273, 1000.000000000000000 ) ;
#1405 = ORIENTED_EDGE ( 'NONE', *, *, #850, .F. ) ;
#1406 = LINE ( 'NONE', #1256, #464 ) ;
#1407 = AXIS2_PLACEMENT_3D ( 'NONE', #741, #1222, #1116 ) ;
#1408 = VECTOR ( 'NONE', #674, 1000.000000000000000 ) ;
#1409 = ORIENTED_EDGE ( 'NONE', *, *, #932, .F. ) ;
#1410 = FACE_OUTER_BOUND ( 'NONE', #1279, .T. ) ;
#1411 = ORIENTED_EDGE ( 'NONE', *, *, #691, .T. ) ;
#1412 = CARTESIAN_POINT ( 'NONE',  ( -61.40000000000000568, 6.099999999999999645, -1.600000000000000089 ) ) ;
#1413 = ORIENTED_EDGE ( 'NONE', *, *, #526, .T. ) ;
#1414 = LINE ( 'NONE', #1074, #910 ) ;
#1415 = VERTEX_POINT ( 'NONE', #671 ) ;
#1416 = DIRECTION ( 'NONE',  ( 1.000000000000000000, 0.000000000000000000, 0.000000000000000000 ) ) ;
#1417 = VERTEX_POINT ( 'NONE', #309 ) ;
#1418 = CARTESIAN_POINT ( 'NONE',  ( 80.95000000000000284, 9.000000000000000000, 1.734723475976807883E-15 ) ) ;
#1419 = EDGE_CURVE ( 'NONE', #1240, #715, #792, .T. ) ;
#1420 = EDGE_LOOP ( 'NONE', ( #433, #1288, #1395, #487, #1317, #730 ) ) ;
#1421 = DIRECTION ( 'NONE',  ( 1.000000000000000000, 0.000000000000000000, 0.000000000000000000 ) ) ;
#1422 = ADVANCED_FACE ( 'NONE', ( #1410 ), #1536, .F. ) ;
#1423 = DIRECTION ( 'NONE',  ( -1.000000000000000000, 0.000000000000000000, 0.000000000000000000 ) ) ;
#1424 = CARTESIAN_POINT ( 'NONE',  ( -43.20000000000000284, 4.000000000000019540, -1.600000000000000089 ) ) ;
#1425 = ORIENTED_EDGE ( 'NONE', *, *, #988, .T. ) ;
#1426 = DIRECTION ( 'NONE',  ( -1.000000000000000000, -9.912705577010325549E-17, 0.000000000000000000 ) ) ;
#1427 = EDGE_CURVE ( 'NONE', #543, #1240, #1285, .T. ) ;
#1428 = ORIENTED_EDGE ( 'NONE', *, *, #32, .T. ) ;
#1429 = FACE_BOUND ( 'NONE', #62, .T. ) ;
#1430 = AXIS2_PLACEMENT_3D ( 'NONE', #262, #366, #641 ) ;
#1431 = CARTESIAN_POINT ( 'NONE',  ( 82.00000000000000000, 9.000000000000000000, 0.000000000000000000 ) ) ;
#1432 = CARTESIAN_POINT ( 'NONE',  ( -56.90000000000000568, 1.600000000000000089, -4.509999999999999787 ) ) ;
#1433 = PRODUCT_CONTEXT ( 'NONE', #1552, 'mechanical' ) ;
#1434 = EDGE_CURVE ( 'NONE', #17, #1073, #293, .T. ) ;
#1435 = ORIENTED_EDGE ( 'NONE', *, *, #862, .T. ) ;
#1436 = LINE ( 'NONE', #1315, #322 ) ;
#1437 = ORIENTED_EDGE ( 'NONE', *, *, #818, .T. ) ;
#1438 = FACE_BOUND ( 'NONE', #616, .T. ) ;
#1439 = CARTESIAN_POINT ( 'NONE',  ( -52.90000000000001279, 5.599999999999999645, -2.100000000000000089 ) ) ;
#1440 = ADVANCED_FACE ( 'NONE', ( #300 ), #1132, .F. ) ;
#1441 = EDGE_CURVE ( 'NONE', #839, #489, #747, .T. ) ;
#1442 = DIRECTION ( 'NONE',  ( 0.000000000000000000, 0.000000000000000000, 1.000000000000000000 ) ) ;
#1443 = LINE ( 'NONE', #729, #788 ) ;
#1444 = VECTOR ( 'NONE', #440, 1000.000000000000000 ) ;
#1445 = EDGE_LOOP ( 'NONE', ( #64, #329, #977, #649 ) ) ;
#1446 = DIRECTION ( 'NONE',  ( 0.000000000000000000, -1.000000000000000000, 0.000000000000000000 ) ) ;
#1447 = EDGE_LOOP ( 'NONE', ( #502, #1105, #186, #1347 ) ) ;
#1448 = DIRECTION ( 'NONE',  ( 0.000000000000000000, 0.000000000000000000, -1.000000000000000000 ) ) ;
#1449 = DIRECTION ( 'NONE',  ( 0.000000000000000000, -1.000000000000000000, 0.000000000000000000 ) ) ;
#1450 = CARTESIAN_POINT ( 'NONE',  ( -52.90000000000001279, 5.599999999999999645, -7.000000000000000000 ) ) ;
#1451 = VERTEX_POINT ( 'NONE', #63 ) ;
#1452 =( LENGTH_UNIT ( ) NAMED_UNIT ( * ) SI_UNIT ( .MILLI., .METRE. ) );
#1453 = ORIENTED_EDGE ( 'NONE', *, *, #1083, .T. ) ;
#1454 = CARTESIAN_POINT ( 'NONE',  ( -52.90000000000001279, 1.600000000000000089, -7.000000000000000000 ) ) ;
#1455 = EDGE_CURVE ( 'NONE', #258, #17, #904, .T. ) ;
#1456 = DIRECTION ( 'NONE',  ( -0.000000000000000000, -0.000000000000000000, 1.000000000000000000 ) ) ;
#1457 = VECTOR ( 'NONE', #1235, 1000.000000000000000 ) ;
#1458 = LINE ( 'NONE', #846, #113 ) ;
#1459 = AXIS2_PLACEMENT_3D ( 'NONE', #1299, #1321, #817 ) ;
#1460 = VECTOR ( 'NONE', #702, 1000.000000000000000 ) ;
#1461 = ORIENTED_EDGE ( 'NONE', *, *, #188, .F. ) ;
#1462 = FILL_AREA_STYLE_COLOUR ( '', #527 ) ;
#1463 = ORIENTED_EDGE ( 'NONE', *, *, #812, .F. ) ;
#1464 = FACE_OUTER_BOUND ( 'NONE', #855, .T. ) ;
#1465 = DIRECTION ( 'NONE',  ( 0.000000000000000000, 0.000000000000000000, 1.000000000000000000 ) ) ;
#1466 = DIRECTION ( 'NONE',  ( 0.000000000000000000, 1.000000000000000000, 0.000000000000000000 ) ) ;
#1467 = CARTESIAN_POINT ( 'NONE',  ( -56.90000000000000568, 5.599999999999999645, -4.509999999999999787 ) ) ;
#1468 = ORIENTED_EDGE ( 'NONE', *, *, #982, .F. ) ;
#1469 = VECTOR ( 'NONE', #341, 1000.000000000000000 ) ;
#1470 = VERTEX_POINT ( 'NONE', #548 ) ;
#1471 = CARTESIAN_POINT ( 'NONE',  ( 66.90000000000000568, 1.600000000000000089, -5.809999999999995168 ) ) ;
#1472 = CARTESIAN_POINT ( 'NONE',  ( 0.000000000000000000, 0.000000000000000000, -1.600000000000000089 ) ) ;
#1473 = LINE ( 'NONE', #146, #1305 ) ;
#1474 = ORIENTED_EDGE ( 'NONE', *, *, #932, .T. ) ;
#1475 = FACE_OUTER_BOUND ( 'NONE', #849, .T. ) ;
#1476 = ORIENTED_EDGE ( 'NONE', *, *, #247, .F. ) ;
#1477 = CARTESIAN_POINT ( 'NONE',  ( -80.95000000000000284, 9.000000000000000000, 1.734723475976807883E-15 ) ) ;
#1478 = DIRECTION ( 'NONE',  ( -0.000000000000000000, -0.000000000000000000, 1.000000000000000000 ) ) ;
#1479 = CIRCLE ( 'NONE', #231, 1.299999999999994715 ) ;
#1480 = LINE ( 'NONE', #383, #591 ) ;
#1481 = AXIS2_PLACEMENT_3D ( 'NONE', #611, #851, #994 ) ;
#1482 = AXIS2_PLACEMENT_3D ( 'NONE', #896, #166, #404 ) ;
#1483 = ORIENTED_EDGE ( 'NONE', *, *, #27, .T. ) ;
#1484 = EDGE_CURVE ( 'NONE', #912, #1053, #1025, .T. ) ;
#1485 = AXIS2_PLACEMENT_3D ( 'NONE', #252, #1348, #386 ) ;
#1486 = CIRCLE ( 'NONE', #791, 1.299999999999994715 ) ;
#1487 = ORIENTED_EDGE ( 'NONE', *, *, #482, .T. ) ;
#1488 = CARTESIAN_POINT ( 'NONE',  ( -86.00000000000000000, 23.00000000000002842, -1.600000000000000089 ) ) ;
#1489 = CARTESIAN_POINT ( 'NONE',  ( -82.00000000000000000, 9.000000000000000000, -1.600000000000004086 ) ) ;
#1490 = CARTESIAN_POINT ( 'NONE',  ( -79.00000000000000000, 25.60000000000000497, 0.000000000000000000 ) ) ;
#1491 = EDGE_CURVE ( 'NONE', #126, #961, #1519, .T. ) ;
#1492 = ADVANCED_FACE ( 'NONE', ( #563, #1400 ), #782, .T. ) ;
#1493 = ORIENTED_EDGE ( 'NONE', *, *, #1484, .T. ) ;
#1494 = EDGE_CURVE ( 'NONE', #936, #73, #542, .T. ) ;
#1495 = EDGE_CURVE ( 'NONE', #961, #606, #1017, .T. ) ;
#1496 = ORIENTED_EDGE ( 'NONE', *, *, #1374, .T. ) ;
#1497 = CARTESIAN_POINT ( 'NONE',  ( 82.00000000000000000, 9.000000000000000000, 1.734723475976807883E-15 ) ) ;
#1498 = DIRECTION ( 'NONE',  ( 0.000000000000000000, 1.000000000000000000, 0.000000000000000000 ) ) ;
#1499 = CARTESIAN_POINT ( 'NONE',  ( -80.97500000000002274, 9.000000000000000000, 0.000000000000000000 ) ) ;
#1500 = ORIENTED_EDGE ( 'NONE', *, *, #850, .T. ) ;
#1501 = LINE ( 'NONE', #407, #1142 ) ;
#1502 = CARTESIAN_POINT ( 'NONE',  ( 66.90000000000000568, 1.600000000000000089, -4.509999999999999787 ) ) ;
#1503 = ADVANCED_FACE ( 'NONE', ( #1034 ), #1291, .F. ) ;
#1504 = DIRECTION ( 'NONE',  ( -0.000000000000000000, -0.000000000000000000, 1.000000000000000000 ) ) ;
#1505 = CARTESIAN_POINT ( 'NONE',  ( -52.90000000000001279, 1.600000000000000089, 0.000000000000000000 ) ) ;
#1506 = AXIS2_PLACEMENT_3D ( 'NONE', #585, #708, #105 ) ;
#1507 = AXIS2_PLACEMENT_3D ( 'NONE', #418, #1392, #1283 ) ;
#1508 = ORIENTED_EDGE ( 'NONE', *, *, #1206, .T. ) ;
#1509 = LINE ( 'NONE', #673, #1241 ) ;
#1510 = CARTESIAN_POINT ( 'NONE',  ( -86.00000000000000000, 23.00000000000002842, -1.600000000000000089 ) ) ;
#1511 = CARTESIAN_POINT ( 'NONE',  ( 86.00000000000000000, 23.00000000000002132, -1.600000000000000089 ) ) ;
#1512 = DIRECTION ( 'NONE',  ( -0.000000000000000000, -0.000000000000000000, 1.000000000000000000 ) ) ;
#1513 = ORIENTED_EDGE ( 'NONE', *, *, #1150, .F. ) ;
#1514 = CARTESIAN_POINT ( 'NONE',  ( 66.90000000000000568, 5.599999999999999645, -5.809999999999995168 ) ) ;
#1515 = CIRCLE ( 'NONE', #1023, 1.049999999999995381 ) ;
#1516 = DIRECTION ( 'NONE',  ( 0.000000000000000000, -1.000000000000000000, 0.000000000000000000 ) ) ;
#1517 = DIRECTION ( 'NONE',  ( -0.000000000000000000, -0.000000000000000000, 1.000000000000000000 ) ) ;
#1518 = ORIENTED_EDGE ( 'NONE', *, *, #1214, .T. ) ;
#1519 = LINE ( 'NONE', #172, #669 ) ;
#1520 = ORIENTED_EDGE ( 'NONE', *, *, #477, .F. ) ;
#1521 = LINE ( 'NONE', #169, #55 ) ;
#1522 = CARTESIAN_POINT ( 'NONE',  ( 86.00000000000000000, 23.00000000000002132, -1.600000000000000089 ) ) ;
#1523 = LINE ( 'NONE', #53, #1119 ) ;
#1524 = ORIENTED_EDGE ( 'NONE', *, *, #524, .F. ) ;
#1525 = DIRECTION ( 'NONE',  ( 1.000000000000000000, 0.000000000000000000, 0.000000000000000000 ) ) ;
#1526 = VERTEX_POINT ( 'NONE', #1046 ) ;
#1527 = CARTESIAN_POINT ( 'NONE',  ( 83.04999999999999716, 9.000000000000000000, 1.734723475976807883E-15 ) ) ;
#1528 = CIRCLE ( 'NONE', #435, 0.5000000000000000000 ) ;
#1529 = CIRCLE ( 'NONE', #1233, 1.300000000000001599 ) ;
#1530 = ORIENTED_EDGE ( 'NONE', *, *, #1292, .F. ) ;
#1531 = DIRECTION ( 'NONE',  ( -0.000000000000000000, -0.000000000000000000, -1.000000000000000000 ) ) ;
#1532 = AXIS2_PLACEMENT_3D ( 'NONE', #1076, #683, #1535 ) ;
#1533 = ADVANCED_FACE ( 'NONE', ( #917 ), #286, .F. ) ;
#1534 = ORIENTED_EDGE ( 'NONE', *, *, #1537, .F. ) ;
#1535 = DIRECTION ( 'NONE',  ( 1.000000000000000000, 0.000000000000000000, 0.000000000000000000 ) ) ;
#1536 = CYLINDRICAL_SURFACE ( 'NONE', #335, 0.5000000000000000000 ) ;
#1537 = EDGE_CURVE ( 'NONE', #431, #497, #654, .T. ) ;
#1538 = ADVANCED_FACE ( 'NONE', ( #1182 ), #1059, .F. ) ;
#1539 = ORIENTED_EDGE ( 'NONE', *, *, #524, .T. ) ;
#1540 = CARTESIAN_POINT ( 'NONE',  ( 62.89999999999998437, 5.599999999999999645, -2.100000000000000089 ) ) ;
#1541 = ORIENTED_EDGE ( 'NONE', *, *, #414, .F. ) ;
#1542 = CARTESIAN_POINT ( 'NONE',  ( -86.00000000000000000, 23.00000000000002842, -1.600000000000000089 ) ) ;
#1543 = ORIENTED_EDGE ( 'NONE', *, *, #821, .T. ) ;
#1544 = PLANE ( 'NONE',  #438 ) ;
#1545 = ORIENTED_EDGE ( 'NONE', *, *, #640, .T. ) ;
#1546 = DIRECTION ( 'NONE',  ( -0.000000000000000000, -0.000000000000000000, 1.000000000000000000 ) ) ;
#1547 = ORIENTED_EDGE ( 'NONE', *, *, #770, .F. ) ;
#1548 = DIRECTION ( 'NONE',  ( 1.000000000000000000, -0.000000000000000000, 0.000000000000000000 ) ) ;
#1549 = EDGE_CURVE ( 'NONE', #1382, #400, #1443, .T. ) ;
#1550 = DIRECTION ( 'NONE',  ( -0.000000000000000000, -1.000000000000000000, -0.000000000000000000 ) ) ;
#1551 = CARTESIAN_POINT ( 'NONE',  ( 0.000000000000000000, 0.000000000000000000, 0.000000000000000000 ) ) ;
#1552 = APPLICATION_CONTEXT ( 'automotive_design' ) ;
#1553 = ORIENTED_EDGE ( 'NONE', *, *, #441, .F. ) ;
#1554 = FACE_OUTER_BOUND ( 'NONE', #467, .T. ) ;
#1555 = AXIS2_PLACEMENT_3D ( 'NONE', #688, #1195, #1056 ) ;
#1556 = EDGE_LOOP ( 'NONE', ( #899, #1393, #861, #682 ) ) ;
#1557 = LINE ( 'NONE', #1542, #589 ) ;
#1558 = AXIS2_PLACEMENT_3D ( 'NONE', #143, #1364, #624 ) ;
#1559 = CIRCLE ( 'NONE', #1482, 1.300000000000001599 ) ;
#1560 = AXIS2_PLACEMENT_3D ( 'NONE', #49, #70, #660 ) ;
#1561 = CARTESIAN_POINT ( 'NONE',  ( 70.89999999999999147, 5.599999999999999645, -7.000000000000009770 ) ) ;
#1562 = AXIS2_PLACEMENT_3D ( 'NONE', #748, #740, #397 ) ;
#1563 = LINE ( 'NONE', #579, #647 ) ;
#1564 = ORIENTED_EDGE ( 'NONE', *, *, #655, .T. ) ;
#1565 = CARTESIAN_POINT ( 'NONE',  ( -60.90000000000000568, 5.599999999999999645, -2.100000000000000089 ) ) ;
#1566 = EDGE_LOOP ( 'NONE', ( #319, #22 ) ) ;
#1567 = DIRECTION ( 'NONE',  ( -5.421010862427522170E-16, 1.000000000000000000, -0.000000000000000000 ) ) ;
#1568 = VERTEX_POINT ( 'NONE', #228 ) ;
#1569 = CARTESIAN_POINT ( 'NONE',  ( -56.90000000000000568, 1.600000000000000089, -5.810000000000001386 ) ) ;
ENDSEC;
END-ISO-10303-21;
